NAME,FAMILY,COMMON_NAME,CONSERVATION_STATUS,NATIVE_STATUS
Abutilon eremitopetalum,Malvaceae,n/a,Endangered,Endemic
Abutilon incanum,Malvaceae,Ma‘o,Apparently Secure,Indigenous
Abutilon menziesii,Malvaceae,Ko‘oloa ‘ula,Endangered,Endemic
Abutilon sandwicense,Malvaceae,n/a,Endangered,Endemic
Acacia koa,Fabaceae,Koa,Apparently Secure,Endemic
Acacia koaia,Fabaceae,Koai‘a,Vulnerable,Endemic
Acaena exigua,Rosaceae,Liliwai,Endangered,Endemic
Achyranthes mutica,Amaranthaceae,n/a,Endangered,Endemic
Achyranthes splendens,Amaranthaceae,n/a,Endangered variety,Endemic
Adenophorus abietinus,Grammitidaceae,n/a,Apparently Secure,Endemic
Adenophorus epigaeus,Grammitidaceae,n/a,Apparently Secure,Endemic
Adenophorus haalilioanus,Grammitidaceae,n/a,Apparently Secure,Endemic
Adenophorus hymenophylloides,Grammitidaceae,Palai huna,Apparently Secure,Endemic
Adenophorus oahuensis,Grammitidaceae,n/a,Apparently Secure,Endemic
Adenophorus periens,Grammitidaceae,Palai lā‘au,Endangered,Endemic
Adenophorus pinnatifidus,Grammitidaceae,n/a,Apparently Secure,Endemic
Adenophorus tamariscinus,Grammitidaceae,Wahine noho mauna,Apparently Secure,Endemic
Adenophorus tripinnatifidus,Grammitidaceae,n/a,Apparently Secure,Endemic
Adenostemma viscosum,Asteraceae,Kāmanamana,Apparently Secure,Indigenous
Adiantum capillus-veneris,Pteridaceae,‘Iwa‘iwa,Apparently Secure,Indigenous
Agrostis sandwicensis,Poaceae,n/a,Apparently Secure,Endemic
Alectryon macrococcus,Sapindaceae,Māhoe,Endangered,Endemic
Alphitonia ponderosa,Rhamnaceae,Kauila,Rare,Endemic
Alyxia stellata,Apocynaceae,Maile,Apparently Secure,Indigenous
Anoectochilus sandvicensis,Orchidaceae,n/a,Rare,Endemic
Antidesma platyphyllum,Phyllanthaceae,Hamehame,Apparently Secure,Endemic
Antidesma pulvinatum,Phyllanthaceae,Hamehame,Apparently Secure,Endemic
Arachniodes insularis,Dryopteridaceae,n/a,Apparently Secure,Endemic
Argemone glauca,Papaveraceae,Pua kala,Apparently Secure,Endemic
Argyroxiphium caliginis,Asteraceae,Eke silversword,Rare,Endemic
Argyroxiphium grayanum,Asteraceae,Greensword,Apparently Secure,Endemic
Argyroxiphium kauense,Asteraceae,Ka‘ū silversword,Endangered,Endemic
Argyroxiphium sandwicense,Asteraceae,‘Āhinahina,Endangered subspecies,Endemic
Argyroxiphium virescens,Asteraceae,Greensword,Extinct,Endemic
Artemisia australis,Asteraceae,‘Āhinahina,Apparently Secure,Endemic
Artemisia kauaiensis,Asteraceae,‘Āhinahina,Apparently Secure,Endemic
Artemisia mauiensis,Asteraceae,‘Āhinahina,Apparently Secure,Endemic
Asplenium acuminatum,Aspleniaceae,Lola,Apparently Secure,Endemic
Asplenium adiantum-nigrum,Aspleniaceae,‘Iwa ‘iwa,Apparently Secure,Indigenous
Asplenium aethiopicum,Aspleniaceae,‘Iwa‘iwa Kāne,Apparently Secure,Indigenous
Asplenium caudatum,Aspleniaceae,‘Iwa,Apparently Secure,Indigenous
Asplenium contiguum,Aspleniaceae,n/a,Apparently Secure,Endemic
Asplenium excisum,Aspleniaceae,Pāmoho,Apparently Secure,Indigenous
Asplenium haleakalense,Aspleniaceae,n/a,Apparently Secure,Endemic
Asplenium hobdyi,Aspleniaceae,n/a,Apparently Secure,Endemic
Asplenium insiticium,Aspleniaceae,Pi‘ipi‘i lau manamana,Apparently Secure,Indigenous
Asplenium kaulfussii,Aspleniaceae,Kūau,Apparently Secure,Endemic
Asplenium lobulatum,Aspleniaceae,Pi‘ipi‘i lau manamana,Apparently Secure,Indigenous
Asplenium macraei,Aspleniaceae,‘Iwa‘iwa lau li‘i,Apparently Secure,Endemic
Asplenium monanthes,Aspleniaceae,n/a,Apparently Secure,Indigenous
Asplenium nidus,Aspleniaceae,‘Ēkaha,Apparently Secure,Indigenous
Asplenium normale,Aspleniaceae,n/a,Apparently Secure,Indigenous
Asplenium peruvianum,Aspleniaceae,n/a,Endangered,Endemic
Asplenium polyodon,Aspleniaceae,Pūnuna manu,Apparently Secure,Indigenous
Asplenium schizophyllum,Aspleniaceae,n/a,Rare,Endemic
Asplenium sphenotomum,Aspleniaceae,n/a,Apparently Secure,Endemic
Asplenium trichomanes,Aspleniaceae,‘Oāli‘i,Apparently Secure,Endemic
Asplenium unilaterale,Aspleniaceae,Pāmoho,Apparently Secure,Indigenous
Astelia argyrocoma,Asteliaceae,n/a,Apparently Secure,Endemic
Astelia menziesiana,Asteliaceae,Pa‘iniu,Apparently Secure,Endemic
Astelia waialealae,Asteliaceae,n/a,Endangered,Endemic
Athyrium microphyllum,Athyriaceae,‘Ākōlea,Apparently Secure,Endemic
Bacopa monnieri,Plantaginaceae,‘Ae‘ae,Apparently Secure,Indigenous
Bidens amplectens,Asteraceae,Ko‘oko‘olau,Rare,Endemic
Bidens asymmetrica,Asteraceae,Ko‘oko‘olau,Apparently Secure,Endemic
Bidens campylotheca,Asteraceae,Ko‘oko‘olau,Vulnerable subspecies,Endemic
Bidens cervicata,Asteraceae,Ko‘oko‘olau,Apparently Secure,Endemic
Bidens conjuncta,Asteraceae,Ko‘oko‘olau,Rare,Endemic
Bidens cosmoides,Asteraceae,Po‘o‘lā nui,Vulnerable,Endemic
Bidens forbesii,Asteraceae,Ko‘oko‘olau,Apparently Secure,Endemic
Bidens hawaiensis,Asteraceae,Ko‘oko‘olau,Apparently Secure,Endemic
Bidens hillebrandiana,Asteraceae,Ko‘oko‘olau,includes Vulnerable subspecies,Endemic
Bidens macrocarpa,Asteraceae,Ko‘oko‘olau,Apparently Secure,Endemic
Bidens mauiensis,Asteraceae,Ko‘oko‘olau,Apparently Secure,Endemic
Bidens menziesii,Asteraceae,Ko‘oko‘olau,Apparently Secure,Endemic
Bidens molokaiensis,Asteraceae,Ko‘oko‘olau,Vulnerable,Endemic
Bidens populifolia,Asteraceae,Ko‘oko‘olau,Rare,Endemic
Bidens torta,Asteraceae,Ko‘oko‘olau,Apparently Secure,Endemic
Bidens valida,Asteraceae,Ko‘oko‘olau,Apparently Secure,Endemic
Bidens wiebkei,Asteraceae,Ko‘oko‘olau,Endangered,Endemic
Bobea brevipes,Rubiaceae,‘Ahakea,Apparently Secure,Endemic
Bobea elatior,Rubiaceae,‘Ahakea,Apparently Secure,Endemic
Bobea sandwicensis,Rubiaceae,‘Ahakea,Vulnerable,Endemic
Bobea timonioides,Rubiaceae,‘Ahakea,Vulnerable,Endemic
Boehmeria grandis,Urticaceae,‘Ākōlea,Apparently Secure,Endemic
Boerhavia acutifolia,Nyctaginaceae,Alena,Apparently Secure,Indigenous
Boerhavia herbstii,Nyctaginaceae,Alena,Apparently Secure,Endemic
Boerhavia repens,Nyctaginaceae,Alena,Apparently Secure,Indigenous
Bolboschoenus maritimus,Cyperaceae,Kaluhā,Apparently Secure,Indigenous
Bonamia menziesii,Convolvulaceae,n/a,Endangered,Endemic
Brighamia insignis,Campanulaceae,‘Ālula,Endangered,Endemic
Brighamia rockii,Campanulaceae,‘Ālula,Endangered,Endemic
Broussaisia arguta,Hydrangeaceae,Kanawao,Apparently Secure,Endemic
Caesalpinia bonduc,Fabaceae,Kākalaioa,Apparently Secure,Indigenous
Caesalpinia kavaiensis,Fabaceae,Uhiuhi,Endangered,Endemic
Calamagrostis expansa,Poaceae,n/a,Rare,Endemic
Calamagrostis hillebrandii,Poaceae,n/a,Vulnerable,Endemic
Callistopteris baldwinii,Hymenophyllaceae,n/a,Apparently Secure,Endemic
Canavalia galeata,Fabaceae,‘Āwikiwiki,Apparently Secure,Endemic
Canavalia hawaiiensis,Fabaceae,‘Āwikiwiki,Apparently Secure,Endemic
Canavalia kauaiensis,Fabaceae,‘Āwikiwiki,Apparently Secure,Endemic
Canavalia molokaiensis,Fabaceae,‘Āwikiwiki,Endangered,Endemic
Canavalia napaliensis,Fabaceae,‘Āwikiwiki,Vulnerable,Endemic
Canavalia pubescens,Fabaceae,‘Āwikiwiki,Vulnerable,Endemic
Capparis sandwichiana,Capparidaceae,Maiapilo,Vulnerable,Endemic
Carex alligata,Cyperaceae,n/a,Apparently Secure,Endemic
Carex echinata,Cyperaceae,n/a,Apparently Secure,Indigenous
Carex kauaiensis,Cyperaceae,n/a,Apparently Secure,Endemic
Carex macloviana,Cyperaceae,n/a,Apparently Secure,Indigenous
Carex meyenii,Cyperaceae,n/a,Apparently Secure,Indigenous
Carex montis-eeka,Cyperaceae,n/a,Apparently Secure,Endemic
Carex thunbergii,Cyperaceae,n/a,Apparently Secure,Indigenous
Carex wahuensis,Cyperaceae,n/a,Apparently Secure,Endemic
Cassytha filiformis,Lauraceae,Kauna‘oa pehu,Apparently Secure,Indigenous
Cenchrus agrimonioides,Poaceae,Kāmanomano,Endangered includes,Endemic
Centaurium sebaeoides,Gentianaceae,‘Āwiwi,Endangered,Endemic
Chamaesyce arnottiana,Euphorbiaceae,‘Akoko,Rare,Endemic
Chamaesyce atrococca,Euphorbiaceae,‘Akoko,Apparently Secure,Endemic
Chamaesyce celastroides,Euphorbiaceae,‘Akoko,Vulnerable,Endemic
Chamaesyce clusiifolia,Euphorbiaceae,‘Akoko,Apparently Secure,Endemic
Chamaesyce degeneri,Euphorbiaceae,‘Akoko,Apparently Secure,Endemic
Chamaesyce deppeana,Euphorbiaceae,‘Akoko,Endangered,Endemic
Chamaesyce eleanoriae,Euphorbiaceae,‘Akoko,Rare,Endemic
Chamaesyce halemanui,Euphorbiaceae,‘Akoko,Endangered,Endemic
Chamaesyce herbstii,Euphorbiaceae,‘Akoko,Endangered,Endemic
Chamaesyce kuwaleana,Euphorbiaceae,‘Akoko,Endangered,Endemic
Chamaesyce multiformis,Euphorbiaceae,‘Akoko,Apparently Secure,Endemic
Chamaesyce olowaluana,Euphorbiaceae,‘Akoko,Vulnerable,Endemic
Chamaesyce remyi,Euphorbiaceae,‘Akoko,Rare includes Extinct variety,Endemic
Chamaesyce rockii,Euphorbiaceae,‘Akoko,Endangered,Endemic
Chamaesyce skottsbergii,Euphorbiaceae,‘Akoko,Vulnerable variety,Endemic
Chamaesyce sparsiflora,Euphorbiaceae,‘Akoko,Rare,Endemic
Charpentiera densiflora,Amaranthaceae,Pāpala,Vulnerable,Endemic
Charpentiera elliptica,Amaranthaceae,Pāpala,Apparently Secure,Endemic
Charpentiera obovata,Amaranthaceae,Pāpala,Apparently Secure,Endemic
Charpentiera ovata,Amaranthaceae,Pāpala,Apparently Secure,Endemic
Charpentiera tomentosa,Amaranthaceae,Pāpala,Apparently Secure,Endemic
Cheirodendron dominii,Araliaceae,‘Ōlapa,Rare,Endemic
Cheirodendron fauriei,Araliaceae,‘Ōlapa,Apparently Secure,Endemic
Cheirodendron forbesii,Araliaceae,‘Ōlapa,Apparently Secure,Endemic
Cheirodendron platyphyllum,Araliaceae,‘Ōlapa,Apparently Secure,Endemic
Cheirodendron trigynum,Araliaceae,‘Ōlapa,Apparently Secure,Endemic
Chenopodium oahuense,Amaranthaceae,‘Āweoweo,Apparently Secure,Endemic
Chrysopogon aciculatus,Poaceae,Mānienie ‘ula,Apparently Secure,Indigenous
Cibotium chamissoi,Cibotiaceae,Hāpu‘u,Apparently Secure,Endemic
Cibotium glaucum,Cibotiaceae,Hāpu‘u pulu,Apparently Secure,Endemic
Cibotium menziesii,Cibotiaceae,Hāpu‘u ‘i‘i,Apparently Secure,Endemic
Cibotium nealiae,Cibotiaceae,Hāpu‘u,Apparently Secure,Endemic
Cladium jamaicense,Cyperaceae,‘Uki,Apparently Secure,Indigenous
Claoxylon sandwicense,Euphorbiaceae,Po‘olā,Apparently Secure,Endemic
Clermontia arborescens,Campanulaceae,‘Ōhā wai,Apparently Secure,Endemic
Clermontia calophylla,Campanulaceae,‘Ōhā wai,Rare,Endemic
Clermontia clermontioides,Campanulaceae,‘Ōhā wai,Apparently Secure,Endemic
Clermontia drepanomorpha,Campanulaceae,‘Ōhā wai,Endangered,Endemic
Clermontia fauriei,Campanulaceae,Hāhā‘aiakamanu,Apparently Secure,Endemic
Clermontia grandiflora,Campanulaceae,‘Ōhā wai,Apparently Secure,Endemic
Clermontia hawaiiensis,Campanulaceae,‘Ōhā wai,Apparently Secure,Endemic
Clermontia kakeana,Campanulaceae,‘Ōhā wai,Apparently Secure,Endemic
Clermontia kohalae,Campanulaceae,‘Ōhā wai,Apparently Secure,Endemic
Clermontia lindseyana,Campanulaceae,‘Ōhā wai,Endangered,Endemic
Clermontia micrantha,Campanulaceae,‘Ōhā wai,Apparently Secure,Endemic
Clermontia montis-loa,Campanulaceae,‘Ōhā wai,Apparently Secure,Endemic
Clermontia multiflora,Campanulaceae,‘Ōhā wai,Extinct,Endemic
Clermontia oblongifolia,Campanulaceae,‘Ōhā wai,Apparently Secure,Endemic
Clermontia pallida,Campanulaceae,‘Ōhā wai,Apparently Secure,Endemic
Clermontia parviflora,Campanulaceae,‘Ōhā wai,Apparently Secure,Endemic
Clermontia peleana,Campanulaceae,‘Ōhā wai,Endangered,Endemic
Clermontia persicifolia,Campanulaceae,‘Ōhā wai,Apparently Secure,Endemic
Clermontia pyrularia,Campanulaceae,‘Ōhā wai,Endangered,Endemic
Clermontia samuelii,Campanulaceae,‘Ōhā wai,Vulnerable,Endemic
Clermontia tuberculata,Campanulaceae,‘Ōhā wai,Rare,Endemic
Clermontia waimeae,Campanulaceae,‘Ōhā wai,Rare,Endemic
Cocculus orbiculatus,Menispermaceae,Huehue,Apparently Secure,Indigenous
Colubrina asiatica,Rhamnaceae,‘Ānapanapa,Apparently Secure,Indigenous
Colubrina oppositifolia,Rhamnaceae,Kauila,Endangered,Endemic
Coniogramme pilosa,Pteridaceae,Lo‘ulu,Apparently Secure,Endemic
Coprosma cymosa,Rubiaceae,Pilo,Apparently Secure,Endemic
Coprosma elliptica,Rubiaceae,Pilo,Apparently Secure,Endemic
Coprosma ernodeoides,Rubiaceae,Kūkaenēnē,Apparently Secure,Endemic
Coprosma foliosa,Rubiaceae,Pilo,Apparently Secure,Endemic
Coprosma kauensis,Rubiaceae,Kōī,Apparently Secure,Endemic
Coprosma longifolia,Rubiaceae,Pilo,Apparently Secure,Endemic
Coprosma menziesii,Rubiaceae,Pilo,Apparently Secure,Endemic
Coprosma montana,Rubiaceae,Pilo,Apparently Secure,Endemic
Coprosma ochracea,Rubiaceae,Pilo,Apparently Secure,Endemic
Coprosma pubens,Rubiaceae,Pilo,Apparently Secure,Endemic
Coprosma rhynchocarpa,Rubiaceae,Pilo,Apparently Secure,Endemic
Coprosma ternata,Rubiaceae,Pilo,Apparently Secure,Endemic
Coprosma waimeae,Rubiaceae,‘Ōlena,Apparently Secure,Endemic
Crepidomanes draytoniana,Hymenophyllaceae,n/a,Apparently Secure,Endemic
Crepidomanes minutum,Hymenophyllaceae,n/a,Apparently Secure,Indigenous
Crepidomanes proliferum,Hymenophyllaceae,n/a,Apparently Secure,Indigenous
Cressa truxillensis,Convolvulaceae,n/a,Apparently Secure,Indigenous
Cryptocarya mannii,Lauraceae,Hōlio,Apparently Secure,Endemic
Ctenitis latifrons,Dryopteridaceae,‘Ākōlea,Apparently Secure,Endemic
Ctenitis squamigera,Dryopteridaceae,Pauoa,Endangered,Endemic
Cuscuta sandwichiana,Convolvulaceae,Kauna‘oa,Apparently Secure,Endemic
Cyanea aculeatiflora,Campanulaceae,Hāhā,Apparently Secure,Endemic
Cyanea acuminata,Campanulaceae,Hāhā,Rare,Endemic
Cyanea angustifolia,Campanulaceae,Hāhā,Apparently Secure,Endemic
Cyanea arborea,Campanulaceae,Hāhā,Extinct,Endemic
Cyanea asarifolia,Campanulaceae,Hāhā,Endangered,Endemic
Cyanea asplenifolia,Campanulaceae,Hāhā,Endangered,Endemic
Cyanea calycina,Campanulaceae,Hāhā,Rare,Endemic
Cyanea comata,Campanulaceae,Hāhā,Extinct,Endemic
Cyanea copelandii,Campanulaceae,Hāhā,Vulnerable,Endemic
Cyanea coriacea,Campanulaceae,Hāhā,Apparently Secure,Endemic
Cyanea crispa,Campanulaceae,Hāhā,Endangered,Endemic
Cyanea cylindrocalyx,Campanulaceae,Hāhā,Extinct,Endemic
Cyanea dolichopoda,Campanulaceae,Hāhā,Extinct,Endemic
Cyanea dunbariae,Campanulaceae,Hāhā,Endangered,Endemic
Cyanea eleeleensis,Campanulaceae,Hāhā,Endangered,Endemic
Cyanea elliptica,Campanulaceae,Hāhā,Apparently Secure,Endemic
Cyanea fauriei,Campanulaceae,Hāhā,Rare,Endemic
Cyanea fissa,Campanulaceae,Hāhā,Apparently Secure,Endemic
Cyanea floribunda,Campanulaceae,Hāhā,Apparently Secure,Endemic
Cyanea gibsonii,Campanulaceae,Hāhā,Endangered,Endemic
Cyanea giffardii,Campanulaceae,Hāhā,Extinct,Endemic
Cyanea glabra,Campanulaceae,Hāhā,Endangered,Endemic
Cyanea grimesiana,Campanulaceae,Hāhā,Endangered,Endemic
Cyanea habenata,Campanulaceae,Hāhā,Endangered,Endemic
Cyanea hamatiflora,Campanulaceae,Hāhā,Endangered,Endemic
Cyanea hardyi,Campanulaceae,Hāhā,Apparently Secure,Endemic
Cyanea hirtella,Campanulaceae,Hāhā,Apparently Secure,Endemic
Cyanea horrida,Campanulaceae,Hāhā nui,Endangered,Endemic
Cyanea humboldtiana,Campanulaceae,Hāhā,Endangered,Endemic
Cyanea kahiliensis,Campanulaceae,Hāhā,Rare,Endemic
Cyanea kolekoleensis,Campanulaceae,Hāhā,Endangered,Endemic
Cyanea koolauensis,Campanulaceae,Hāhā,Endangered,Endemic
Cyanea kuhihewa,Campanulaceae,Hāhā,Endangered,Endemic
Cyanea kunthiana,Campanulaceae,Hāhā,Rare,Endemic
Cyanea lanceolata,Campanulaceae,Hāhā,Rare,Endemic
Cyanea leptostegia,Campanulaceae,Hāhā lua,Vulnerable,Endemic
Cyanea linearifolia,Campanulaceae,Hāhā,Extinct,Endemic
Cyanea lobata,Campanulaceae,Hāhā,Endangered,Endemic
Cyanea longiflora,Campanulaceae,Hāhā,Endangered,Endemic
Cyanea longissima,Campanulaceae,Hāhā,Extinct,Endemic
Cyanea macrostegia,Campanulaceae,Hāhā,Apparently Secure,Endemic
Cyanea mannii,Campanulaceae,Hāhā,Endangered,Endemic
Cyanea marksii,Campanulaceae,Hāhā,Endangered,Endemic
Cyanea mauiensis,Campanulaceae,Hāhā,Extinct,Endemic
Cyanea mceldowneyi,Campanulaceae,Hāhā,Endangered,Endemic
Cyanea membranacea,Campanulaceae,Hāhā,Rare,Endemic
Cyanea munroi,Campanulaceae,Hāhā,Endangered,Endemic
Cyanea obtusa,Campanulaceae,Hāhā,Endangered,Endemic
Cyanea parvifolia,Campanulaceae,Hāhā,Extinct,Endemic
Cyanea pilosa,Campanulaceae,Hāhā,Apparently Secure,Endemic
Cyanea pinnatifida,Campanulaceae,Hāhā,Endangered,Endemic
Cyanea platyphylla,Campanulaceae,‘Akū‘akū,Endangered,Endemic
Cyanea pohaku,Campanulaceae,Hāhā,Extinct,Endemic
Cyanea procera,Campanulaceae,Hāhā,Endangered,Endemic
Cyanea profuga,Campanulaceae,Hāhā,Extinct,Endemic
Cyanea purpurellifolia,Campanulaceae,Hāhā,Endangered,Endemic
Cyanea pycnocarpa,Campanulaceae,Hāhā,Extinct,Endemic
Cyanea quercifolia,Campanulaceae,Hāhā,Extinct,Endemic
Cyanea recta,Campanulaceae,Hāhā,Vulnerable,Endemic
Cyanea remyi,Campanulaceae,Hāhā,Endangered,Endemic
Cyanea rivularis,Campanulaceae,Hāhā,Endangered,Endemic
Cyanea salicina,Campanulaceae,Hāhā,Endangered,Endemic
Cyanea scabra,Campanulaceae,Hāhā,Apparently Secure,Endemic
Cyanea sessilifolia,Campanulaceae,Hāhā,Endangered,Endemic
Cyanea shipmanii,Campanulaceae,Hāhā,Endangered,Endemic
Cyanea solanacea,Campanulaceae,Hāhā nui,Endangered,Endemic
Cyanea solenocalyx,Campanulaceae,Pua kala,Rare,Endemic
Cyanea spathulata,Campanulaceae,Hāhā,Apparently Secure,Endemic
Cyanea st.-johnii,Campanulaceae,Hāhā,Endangered,Endemic
Cyanea stictophylla,Campanulaceae,Hāhā,Endangered,Endemic
Cyanea superba,Campanulaceae,Hāhā,Extinct subspecies,Endemic
Cyanea tritomantha,Campanulaceae,‘Akū,Vulnerable,Endemic
Cyanea truncata,Campanulaceae,Hāhā,Extinct,Endemic
Cyanea undulata,Campanulaceae,Hāhā,Endangered,Endemic
Cyclosorus boydiae,Thelypteridaceae,n/a,Rare,Endemic
Cyclosorus cyatheoides,Thelypteridaceae,Kikawaiō,Apparently Secure,Endemic
Cyclosorus hudsonianus,Thelypteridaceae,Laukahi,Apparently Secure,Endemic
Cyclosorus interruptus,Thelypteridaceae,Neke,Apparently Secure,Indigenous
Cyclosorus sandwicensis,Thelypteridaceae,Hō‘i‘o kula,Apparently Secure,Endemic
Cyclosorus wailele,Thelypteridaceae,n/a,Rare,Endemic
Cyperus cyperinus,Cyperaceae,n/a,Apparently Secure,Indigenous
Cyperus fauriei,Cyperaceae,n/a,Rare,Endemic
Cyperus hillebrandii,Cyperaceae,n/a,Apparently Secure,Endemic
Cyperus hypochlorus,Cyperaceae,‘Ahu‘awa,Apparently Secure,Endemic
Cyperus javanicus,Cyperaceae,‘Ahu‘awa,Apparently Secure,Indigenous
Cyperus laevigatus,Cyperaceae,Makaloa,Apparently Secure,Indigenous
Cyperus neokunthianus,Cyperaceae,n/a,Extinct,Endemic
Cyperus odoratus,Cyperaceae,Pu‘uka‘a,Rare,Indigenous
Cyperus pennatiformis,Cyperaceae,n/a,Endangered,Endemic
Cyperus phleoides,Cyperaceae,n/a,Apparently Secure,Endemic
Cyperus polystachyos,Cyperaceae,n/a,Apparently Secure,Indigenous
Cyperus rockii,Cyperaceae,n/a,Extinct,Endemic
Cyperus sandwicensis,Cyperaceae,n/a,Apparently Secure,Endemic
Cyperus trachysanthos,Cyperaceae,Pu‘uka‘a,Endangered,Endemic
Cyrtandra biserrata,Gesneriaceae,Ha‘iwale,Rare,Endemic
Cyrtandra calpidicarpa,Gesneriaceae,Ha‘iwale,Apparently Secure,Endemic
Cyrtandra confertiflora,Gesneriaceae,Ha‘iwale,Apparently Secure,Endemic
Cyrtandra cordifolia,Gesneriaceae,Hahala,Apparently Secure,Endemic
Cyrtandra crenata,Gesneriaceae,Ha‘iwale,Extinct,Endemic
Cyrtandra cyaneoides,Gesneriaceae,Māpele,Endangered,Endemic
Cyrtandra dentata,Gesneriaceae,Ha‘iwale,Endangered,Endemic
Cyrtandra ferripilosa,Gesneriaceae,Ha‘iwale,Rare,Endemic
Cyrtandra filipes,Gesneriaceae,Ha‘iwale,Rare,Endemic
Cyrtandra garnotiana,Gesneriaceae,Hahala,Apparently Secure,Endemic
Cyrtandra giffardii,Gesneriaceae,Ha‘iwale,Endangered,Endemic
Cyrtandra gracilis,Gesneriaceae,Ha‘iwale,Endangered,Endemic
Cyrtandra grandiflora,Gesneriaceae,Ha‘iwale,Apparently Secure,Endemic
Cyrtandra grayana,Gesneriaceae,Ha‘iwale,Apparently Secure,Endemic
Cyrtandra grayi,Gesneriaceae,Ha‘iwale,Apparently Secure,Endemic
Cyrtandra halawensis,Gesneriaceae,Ha‘iwale,Rare,Endemic
Cyrtandra hashimotoi,Gesneriaceae,Ha‘iwale,Apparently Secure,Endemic
Cyrtandra hawaiensis,Gesneriaceae,Ha‘iwale,Apparently Secure,Endemic
Cyrtandra heinrichii,Gesneriaceae,Ha‘iwale,Rare,Endemic
Cyrtandra hematos,Gesneriaceae,Ha‘iwale,Rare,Endemic
Cyrtandra kalichii,Gesneriaceae,Ha‘iwale,Rare,Endemic
Cyrtandra kamoolaensis,Gesneriaceae,Ha‘iwale,Rare,Endemic
Cyrtandra kauaiensis,Gesneriaceae,Ulunahele,Apparently Secure,Endemic
Cyrtandra kaulantha,Gesneriaceae,Ha‘iwale,Vulnerable,Endemic
Cyrtandra kealiae,Gesneriaceae,Ha‘iwale,Vulnerable subspecies,Endemic
Cyrtandra kohalae,Gesneriaceae,Ha‘iwale,Extinct,Endemic
Cyrtandra laxiflora,Gesneriaceae,Ha‘iwale,Apparently Secure,Endemic
Cyrtandra lessoniana,Gesneriaceae,Ha‘iwale,Apparently Secure,Endemic
Cyrtandra longifolia,Gesneriaceae,Ha‘iwale,Apparently Secure,Endemic
Cyrtandra lydgatei,Gesneriaceae,Ha‘iwale,Rare,Endemic
Cyrtandra lysiosepala,Gesneriaceae,Ha‘iwale,Apparently Secure,Endemic
Cyrtandra macraei,Gesneriaceae,Ha‘iwale,Apparently Secure,Endemic
Cyrtandra macrocalyx,Gesneriaceae,Ha‘iwale,Apparently Secure,Endemic
Cyrtandra menziesii,Gesneriaceae,Ha‘iwale,Vulnerable,Endemic
Cyrtandra munroi,Gesneriaceae,Ha‘iwale,Endangered,Endemic
Cyrtandra nanawaleensis,Gesneriaceae,Ha‘iwale,Rare,Endemic
Cyrtandra oenobarba,Gesneriaceae,Ha‘iwale,Rare,Endemic
Cyrtandra olona,Gesneriaceae,Ha‘iwale,Extinct,Endemic
Cyrtandra oxybapha,Gesneriaceae,Ha‘iwale,Vulnerable,Endemic
Cyrtandra paliku,Gesneriaceae,Ha‘iwale,Rare,Endemic
Cyrtandra paludosa,Gesneriaceae,Moa,Apparently Secure,Endemic
Cyrtandra pickeringii,Gesneriaceae,Ha‘iwale,Rare,Endemic
Cyrtandra platyphylla,Gesneriaceae,‘Ilihia,Apparently Secure,Endemic
Cyrtandra polyantha,Gesneriaceae,Ha‘iwale,Endangered,Endemic
Cyrtandra procera,Gesneriaceae,Ha‘iwale,Apparently Secure,Endemic
Cyrtandra propinqua,Gesneriaceae,Ha‘iwale,Apparently Secure,Endemic
Cyrtandra pruinosa,Gesneriaceae,Ha‘iwale,Extinct,Endemic
Cyrtandra rivularis,Gesneriaceae,Ha‘iwale,Vulnerable,Endemic
Cyrtandra sandwicensis,Gesneriaceae,Ha‘iwale,Vulnerable,Endemic
Cyrtandra sessilis,Gesneriaceae,Ha‘iwale,Endangered,Endemic
Cyrtandra spathulata,Gesneriaceae,Ha‘iwale,Apparently Secure,Endemic
Cyrtandra subumbellata,Gesneriaceae,Ha‘iwale,Endangered,Endemic
Cyrtandra tintinnabula,Gesneriaceae,Ha‘iwale,Endangered,Endemic
Cyrtandra viridiflora,Gesneriaceae,Ha‘iwale,Endangered,Endemic
Cyrtandra waianaeensis,Gesneriaceae,Hahala,Apparently Secure,Endemic
Cyrtandra wainihaensis,Gesneriaceae,Ha‘iwale,Rare,Endemic
Cyrtandra waiolani,Gesneriaceae,Ha‘iwale,Extinct,Endemic
Cyrtandra wawrae,Gesneriaceae,Ha‘iwale,Apparently Secure,Endemic
Cyrtomium caryotideum,Dryopteridaceae,Kā‘ape‘ape,Apparently Secure,Indigenous
Cystopteris douglasii,Athyriaceae,n/a,Rare,Endemic
Cystopteris sandwicensis,Athyriaceae,n/a,Apparently Secure,Endemic
Delissea fallax,Campanulaceae,n/a,Extinct,Endemic
Delissea laciniata,Campanulaceae,n/a,Extinct,Endemic
Delissea lanaiensis,Campanulaceae,n/a,Extinct,Endemic
Delissea lauliiana,Campanulaceae,n/a,Extinct,Endemic
Delissea niihauensis,Campanulaceae,n/a,Endangered,Endemic
Delissea parviflora,Campanulaceae,n/a,Extinct,Endemic
Delissea rhytidosperma,Campanulaceae,n/a,Endangered,Endemic
Delissea sinuata,Campanulaceae,n/a,Extinct,Endemic
Delissea subcordata,Campanulaceae,n/a,Endangered,Endemic
Delissea undulata,Campanulaceae,n/a,Endangered,Endemic
Deparia fenzliana,Athyriaceae,n/a,Apparently Secure,Endemic
Deparia kaalaana,Athyriaceae,n/a,Extinct,Endemic
Deparia marginalis,Athyriaceae,n/a,Apparently Secure,Endemic
Deparia prolifera,Athyriaceae,n/a,Apparently Secure,Endemic
Deschampsia nubigena,Poaceae,n/a,Apparently Secure,Endemic
Dianella sandwicensis,Hemerocallidaceae,‘Uki‘uki,Apparently Secure,Endemic
Dichanthelium cynodon,Poaceae,n/a,Apparently Secure,Endemic
Dichanthelium hillebrandianum,Poaceae,n/a,Apparently Secure,Endemic
Dichanthelium isachnoides,Poaceae,n/a,Apparently Secure,Endemic
Dichanthelium koolauense,Poaceae,n/a,Rare,Endemic
Dicranopteris linearis,Gleicheniaceae,Uluhe,Apparently Secure,Indigenous
Diellia erecta,Aspleniaceae,Palapalai lau li`i,Endangered,Endemic
Diellia falcata,Aspleniaceae,n/a,Endangered,Endemic
Diellia leucostegioides,Aspleniaceae,n/a,Extinct,Endemic
Diellia mannii,Aspleniaceae,n/a,Endangered,Endemic
Diellia pallida,Aspleniaceae,n/a,Endangered,Endemic
Diellia unisora,Aspleniaceae,n/a,Endangered,Endemic
Digitaria setigera,Poaceae,Kūkaepua‘a,Apparently Secure,Indigenous
Diospyros hillebrandii,Ebenaceae,Lama,Apparently Secure,Endemic
Diospyros sandwicensis,Ebenaceae,Lama,Apparently Secure,Endemic
Diplazium arnottii,Athyriaceae,Hō‘i‘o,Apparently Secure,Endemic
Diplazium molokaiense,Athyriaceae,n/a,Endangered,Endemic
Diplazium sandwichianum,Athyriaceae,Hō‘i‘o,Apparently Secure,Endemic
Diplopterygium pinnatum,Gleicheniaceae,Uluhe lau nui,Apparently Secure,Indigenous
Dissochondrus biflorus,Poaceae,n/a,Rare,Endemic
Dodonaea viscosa,Sapindaceae,‘A‘ali‘i,Apparently Secure,Indigenous
Doodia kunthiana,Blechnaceae,‘Ōkupukupu,Apparently Secure,Endemic
Doodia lyonii,Blechnaceae,n/a,Vulnerable,Endemic
Doryopteris angelica,Pteridaceae,n/a,Apparently Secure,Endemic
Doryopteris decipiens,Pteridaceae,Kumuniu,Apparently Secure,Endemic
Doryopteris decora,Pteridaceae,n/a,Apparently Secure,Endemic
Doryopteris takeuchii,Pteridaceae,n/a,Rare,Endemic
Drosera anglica,Droseraceae,Mikinalo,Apparently Secure,Indigenous
Dryopteris crinalis,Dryopteridaceae,Palapalai ‘aumakua,Apparently Secure,Endemic
Dryopteris fusco-atra,Dryopteridaceae,I‘i,Apparently Secure,Endemic
Dryopteris glabra,Dryopteridaceae,Kīlau,Apparently Secure,Endemic
Dryopteris hawaiiensis,Dryopteridaceae,n/a,Apparently Secure,Endemic
Dryopteris mauiensis,Dryopteridaceae,n/a,Apparently Secure,Endemic
Dryopteris sandwicensis,Dryopteridaceae,n/a,Apparently Secure,Endemic
Dryopteris subbipinnata,Dryopteridaceae,n/a,Apparently Secure,Endemic
Dryopteris tetrapinnata,Dryopteridaceae,n/a,Rare,Endemic
Dryopteris unidentata,Dryopteridaceae,‘Akole,Apparently Secure,Endemic
Dryopteris wallichiana,Dryopteridaceae,Laukahi,Apparently Secure,Indigenous
Dubautia arborea,Asteraceae,Na‘ena‘e,Rare,Endemic
Dubautia ciliolata,Asteraceae,Na‘ena‘e,Apparently Secure,Endemic
Dubautia herbstobatae,Asteraceae,Na‘ena‘e,Endangered,Endemic
Dubautia imbricata,Asteraceae,Na‘ena‘e,Rare,Endemic
Dubautia kenwoodii,Asteraceae,Na‘ena‘e,Endangered,Endemic
Dubautia knudsenii,Asteraceae,Na‘ena‘e,Apparently Secure,Endemic
Dubautia laevigata,Asteraceae,Na‘ena‘e,Apparently Secure,Endemic
Dubautia latifolia,Asteraceae,Koholāpehu,Endangered,Endemic
Dubautia laxa,Asteraceae,Na‘ena‘e pua melemele,Apparently Secure,Endemic
Dubautia linearis,Asteraceae,Na‘ena‘e,Apparently Secure,Endemic
Dubautia menziesii,Asteraceae,Na‘ena‘e,Apparently Secure,Endemic
Dubautia microcephala,Asteraceae,Na‘ena‘e,Rare,Endemic
Dubautia paleata,Asteraceae,Na‘ena‘e pua kea,Apparently Secure,Endemic
Dubautia pauciflorula,Asteraceae,Na‘ena‘e,Endangered,Endemic
Dubautia plantaginea,Asteraceae,Na‘ena‘e,Apparently Secure,Endemic
Dubautia platyphylla,Asteraceae,Na‘ena‘e,Rare,Endemic
Dubautia raillardioides,Asteraceae,Na`ena`e pua `ula,Apparently Secure,Endemic
Dubautia reticulata,Asteraceae,Na‘ena‘e,Rare,Endemic
Dubautia scabra,Asteraceae,Na‘ena‘e,Apparently Secure,Endemic
Dubautia sherffiana,Asteraceae,Na‘ena‘e,Vulnerable,Endemic
Dubautia syndetica,Asteraceae,Na‘ena‘e,Rare,Endemic
Dubautia waialealae,Asteraceae,Na‘ena‘e,Rare,Endemic
Dubautia waianapanapaensis,Asteraceae,Na‘ena‘e,Apparently Secure,Endemic
Elaeocarpus bifidus,Elaeocarpaceae,Kalia,Apparently Secure,Endemic
Elaphoglossum aemulum,Lomariopsidaceae,‘Ēkaha,Apparently Secure,Endemic
Elaphoglossum alatum,Lomariopsidaceae,Hoe a Māui,Apparently Secure,Endemic
Elaphoglossum crassicaule,Lomariopsidaceae,Hoe a Māui,Apparently Secure,Endemic
Elaphoglossum crassifolium,Lomariopsidaceae,Hoe a Māui,Apparently Secure,Endemic
Elaphoglossum fauriei,Lomariopsidaceae,Hoe a Māui,Apparently Secure,Endemic
Elaphoglossum paleaceum,Lomariopsidaceae,Māku‘e,Apparently Secure,Indigenous
Elaphoglossum parvisquameum,Lomariopsidaceae,Hoe a Māui,Apparently Secure,Endemic
Elaphoglossum pellucidum,Lomariopsidaceae,Hoe a Māui,Apparently Secure,Endemic
Elaphoglossum wawrae,Lomariopsidaceae,Laukahi,Apparently Secure,Endemic
Eleocharis calva,Cyperaceae,n/a,Apparently Secure,Indigenous
Eleocharis obtusa,Cyperaceae,n/a,Apparently Secure,Indigenous
Embelia pacifica,Primulaceae,Kilioe,Apparently Secure,Endemic
Entada phaseoloides,Fabaceae,St. Thomas bean,Apparently Secure,Indigenous
Eragrostis atropioides,Poaceae,n/a,Apparently Secure,Endemic
Eragrostis deflexa,Poaceae,n/a,Rare,Endemic
Eragrostis fosbergii,Poaceae,n/a,Endangered,Endemic
Eragrostis grandis,Poaceae,n/a,Apparently Secure,Endemic
Eragrostis leptophylla,Poaceae,n/a,Apparently Secure,Endemic
Eragrostis mauiensis,Poaceae,n/a,Extinct,Endemic
Eragrostis monticola,Poaceae,Kalamālō,Apparently Secure,Endemic
Eragrostis paupera,Poaceae,n/a,Apparently Secure,Indigenous
Eragrostis variabilis,Poaceae,Kāwelu,Apparently Secure,Endemic
Erythrina sandwicensis,Fabaceae,Wiliwili,Apparently Secure,Endemic
Eugenia koolauensis,Myrtaceae,Nīoi,Endangered,Endemic
Eugenia reinwardtiana,Myrtaceae,Nīoi,Apparently Secure,Indigenous
Euphorbia haeleeleana,Euphorbiaceae,n/a,Endangered,Endemic
Eurya sandwicensis,Theaceae,Ānini,Rare,Endemic
Exocarpos gaudichaudii,Santalaceae,Hulumoa,Rare,Endemic
Exocarpos luteolus,Santalaceae,n/a,Endangered,Endemic
Exocarpos menziesii,Santalaceae,n/a,Apparently Secure,Endemic
Festuca hawaiiensis,Poaceae,n/a,Rare,Endemic
Fimbristylis cymosa,Cyperaceae,Mau‘u ‘aki‘aki,Apparently Secure,Indigenous
Fimbristylis dichotoma,Cyperaceae,n/a,Apparently Secure,Indigenous
Fimbristylis hawaiiensis,Cyperaceae,n/a,Rare,Endemic
Flueggea neowawraea,Phyllanthaceae,Mēhamehame,Endangered,Endemic
Fragaria chiloensis,Rosaceae,‘Ōhelo papa,Vulnerable,Endemic
Freycinetia arborea,Pandanaceae,‘Ie‘ie,Apparently Secure,Indigenous
Gahnia aspera,Cyperaceae,n/a,Apparently Secure,Endemic
Gahnia beecheyi,Cyperaceae,n/a,Apparently Secure,Endemic
Gahnia lanaiensis,Cyperaceae,n/a,Endangered,Endemic
Gahnia vitiensis,Cyperaceae,n/a,Apparently Secure,Endemic
Gardenia brighamii,Rubiaceae,Nānū,Endangered,Endemic
Gardenia mannii,Rubiaceae,Nānū,Endangered,Endemic
Gardenia remyi,Rubiaceae,Nānū,Rare,Endemic
Geranium arboreum,Geraniaceae,Nohoanu,Endangered,Endemic
Geranium cuneatum,Geraniaceae,Nohoanu,Apparently Secure,Endemic
Geranium hanaense,Geraniaceae,Nohoanu,Vulnerable,Endemic
Geranium hillebrandii,Geraniaceae,Nohoanu,Rare,Endemic
Geranium kauaiense,Geraniaceae,Nohoanu,Rare,Endemic
Geranium multiflorum,Geraniaceae,Nohoanu,Endangered,Endemic
Gossypium tomentosum,Malvaceae,Ma‘o,Vulnerable,Endemic
Gouania hillebrandii,Rhamnaceae,n/a,Endangered,Endemic
Gouania meyenii,Rhamnaceae,n/a,Endangered,Endemic
Gouania vitifolia,Rhamnaceae,n/a,Endangered,Endemic
Grammitis baldwinii,Grammitidaceae,n/a,Apparently Secure,Endemic
Grammitis forbesiana,Grammitidaceae,n/a,Apparently Secure,Endemic
Grammitis hookeri,Grammitidaceae,Māku‘e lau li‘i,Apparently Secure,Indigenous
Grammitis tenella,Grammitidaceae,Kolokolo,Apparently Secure,Endemic
Gunnera kauaiensis,Gunneraceae,‘Ape‘ape,Apparently Secure,Endemic
Gunnera petaloidea,Gunneraceae,‘Ape‘ape,Apparently Secure,Endemic
Haplopteris elongata,Vittariaceae,‘Ohe‘ohe,Apparently Secure,Indigenous
Haplostachys bryanii,Lamiaceae,n/a,Extinct,Endemic
Haplostachys haplostachya,Lamiaceae,Honohono,Endangered,Endemic
Haplostachys linearifolia,Lamiaceae,n/a,Extinct,Endemic
Haplostachys munroi,Lamiaceae,n/a,Extinct,Endemic
Haplostachys truncata,Lamiaceae,n/a,Extinct,Endemic
Heliotropium anomalum,Boraginaceae,Hinahina kū kahakai,Apparently Secure,Endemic
Heliotropium curassavicum,Boraginaceae,Kīpūkai,Apparently Secure,Indigenous
Hesperocnide sandwicensis,Urticaceae,n/a,Apparently Secure,Endemic
Hesperomannia arborescens,Asteraceae,n/a,Endangered,Endemic
Hesperomannia arbuscula,Asteraceae,n/a,Endangered,Endemic
Hesperomannia lydgatei,Asteraceae,n/a,Endangered,Endemic
Heteropogon contortus,Poaceae,Pili,Apparently Secure,Indigenous
Hibiscadelphus bombycinus,Malvaceae,Hau kuahiwi,Extinct,Endemic
Hibiscadelphus crucibracteatus,Malvaceae,Hau kuahiwi,Extinct,Endemic
Hibiscadelphus distans,Malvaceae,Hau kuahiwi,Endangered,Endemic
Hibiscadelphus giffardianus,Malvaceae,Hau kuahiwi,Extinct in the wild,Endemic
Hibiscadelphus hualalaiensis,Malvaceae,Hau kuahiwi,Extinct in the wild,Endemic
Hibiscadelphus wilderianus,Malvaceae,Hau kuahiwi,Extinct,Endemic
Hibiscadelphus woodii,Malvaceae,Hau kuahiwi,Endangered,Endemic
Hibiscus arnottianus,Malvaceae,Koki‘o ke‘oke‘o,Apparently Secure,Endemic
Hibiscus brackenridgei,Malvaceae,Ma‘o hau hele,Endangered,Endemic
Hibiscus clayi,Malvaceae,n/a,Endangered,Endemic
Hibiscus furcellatus,Malvaceae,‘Akiohala,Apparently Secure,Indigenous
Hibiscus kokio,Malvaceae,Koki‘o ‘ula,Rare,Endemic
Hibiscus waimeae,Malvaceae,Koki‘o ke‘oke‘o,Apparently Secure,Endemic
Hillebrandia sandwicensis,Begoniaceae,Pua maka nui,Vulnerable,Endemic
Huperzia erosa,Lycopodiaceae,n/a,Apparently Secure,Endemic
Huperzia erubescens,Lycopodiaceae,n/a,Apparently Secure,Indigenous
Huperzia filiformis,Lycopodiaceae,n/a,Apparently Secure,Indigenous
Huperzia haleakalae,Lycopodiaceae,n/a,Extinct in Hawaiian Islands,Indigenous
Huperzia mannii,Lycopodiaceae,n/a,Endangered,Endemic
Huperzia nutans,Lycopodiaceae,n/a,Endangered,Endemic
Huperzia phyllantha,Lycopodiaceae,Wāwae‘iole,Apparently Secure,Indigenous
Huperzia serrata,Lycopodiaceae,n/a,Apparently Secure,Indigenous
Huperzia stemmermanniae,Lycopodiaceae,n/a,Endangered,Endemic
Huperzia subintegra,Lycopodiaceae,n/a,Apparently Secure,Endemic
Hymenophyllum obtusum,Hymenophyllaceae,Palai lau li‘i,Apparently Secure,Endemic
Hymenophyllum recurvum,Hymenophyllaceae,‘Ōhi‘a kū,Apparently Secure,Endemic
Hypolepis hawaiiensis,Dennstaedtiaceae,Olua,Apparently Secure,Endemic
Ilex anomala,Aquifoliaceae,Kāwa‘u,Apparently Secure,Indigenous
Ipomoea imperati,Convolvulaceae,Hunakai,Apparently Secure,Indigenous
Ipomoea indica,Convolvulaceae,Koali ‘awa,Apparently Secure,Indigenous
Ipomoea littoralis,Convolvulaceae,n/a,Apparently Secure,Indigenous
Ipomoea pes-caprae,Convolvulaceae,Pōhuehue,Apparently Secure,Indigenous
Ipomoea tuboides,Convolvulaceae,Hawaiian moon flower,Apparently Secure,Endemic
Isachne distichophylla,Poaceae,‘Ohe,Apparently Secure,Endemic
Isachne pallens,Poaceae,n/a,Apparently Secure,Endemic
Ischaemum byrone,Poaceae,Hilo ischaemum,Endangered,Endemic
Isodendrion hosakae,Violaceae,Aupaka,Endangered,Endemic
Isodendrion laurifolium,Violaceae,Aupaka,Endangered,Endemic
Isodendrion longifolium,Violaceae,Aupaka,Vulnerable,Endemic
Isodendrion pyrifolium,Violaceae,Wahine noho kula,Endangered,Endemic
Isoetes hawaiiensis,Isoetaceae,n/a,Rare,Endemic
Jacquemontia ovalifolia,Convolvulaceae,Pā‘ūohi‘iaka,Apparently Secure,Endemic
Joinvillea ascendens,Joinvilleaceae,‘Ohe,Rare,Endemic
Kadua acuminata,Rubiaceae,Au,Apparently Secure,Endemic
Kadua affinis,Rubiaceae,Manono,Apparently Secure,Endemic
Kadua axillaris,Rubiaceae,Manono,Apparently Secure,Endemic
Kadua centranthoides,Rubiaceae,n/a,Apparently Secure,Endemic
Kadua cookiana,Rubiaceae,‘Āwiwi,Endangered,Endemic
Kadua cordata,Rubiaceae,Kopa,Apparently Secure,Endemic
Kadua coriacea,Rubiaceae,Kio‘ele,Endangered,Endemic
Kadua degeneri,Rubiaceae,n/a,Endangered,Endemic
Kadua elatior,Rubiaceae,‘Āwiwi,Apparently Secure,Endemic
Kadua fluviatilis,Rubiaceae,Kamapua‘a,Rare,Endemic
Kadua flynnii,Rubiaceae,n/a,Rare,Endemic
Kadua foggiana,Rubiaceae,n/a,Apparently Secure,Endemic
Kadua foliosa,Rubiaceae,n/a,Extinct,Endemic
Kadua formosa,Rubiaceae,n/a,Rare,Endemic
Kadua fosbergii,Rubiaceae,Manono,Apparently Secure,Endemic
Kadua knudsenii,Rubiaceae,n/a,Apparently Secure,Endemic
Kadua laxiflora,Rubiaceae,Pilo,Endangered,Endemic
Kadua littoralis,Rubiaceae,n/a,Vulnerable,Endemic
Kadua parvula,Rubiaceae,n/a,Endangered,Endemic
Kadua st.-johnii,Rubiaceae,n/a,Endangered,Endemic
Kadua tryblium,Rubiaceae,n/a,Rare,Endemic
Kanaloa kahoolawensis,Fabaceae,Kanaloa,Endangered,Endemic
Keysseria erici,Asteraceae,n/a,Rare,Endemic
Keysseria helenae,Asteraceae,n/a,Rare,Endemic
Keysseria maviensis,Asteraceae,Hōwaiaulu,Vulnerable,Endemic
Kokia cookei,Malvaceae,Koki‘o,Extinct in the wild,Endemic
Kokia drynarioides,Malvaceae,Koki‘o,Endangered,Endemic
Kokia kauaiensis,Malvaceae,Koki‘o,Endangered,Endemic
Kokia lanceolata,Malvaceae,Koki‘o,Extinct,Endemic
Korthalsella complanata,Viscaceae,Hulumoa,Apparently Secure,Indigenous
Korthalsella cylindrica,Viscaceae,Hulumoa,Apparently Secure,Endemic
Korthalsella degeneri,Viscaceae,Hulumoa,Rare,Endemic
Korthalsella latissima,Viscaceae,Hulumoa,Apparently Secure,Endemic
Korthalsella platycaula,Viscaceae,Hulumoa,Apparently Secure,Indigenous
Korthalsella remyana,Viscaceae,Hulumoa,Apparently Secure,Endemic
Labordia cyrtandrae,Loganiaceae,Kāmakahala,Endangered,Endemic
Labordia degeneri,Loganiaceae,Kāmakahala,Apparently Secure,Endemic
Labordia fagraeoidea,Loganiaceae,Kāmakahala,Apparently Secure,Endemic
Labordia hedyosmifolia,Loganiaceae,Kāmakahala,Apparently Secure,Endemic
Labordia helleri,Loganiaceae,Kāmakahala,Rare,Endemic
Labordia hirtella,Loganiaceae,Kāmakahala,Apparently Secure,Endemic
Labordia hosakana,Loganiaceae,Kāmakahala,Rare,Endemic
Labordia kaalae,Loganiaceae,Kāmakahala,Rare,Endemic
Labordia lydgatei,Loganiaceae,Kāmakahala,Endangered,Endemic
Labordia pumila,Loganiaceae,Kāmakahala,Rare,Endemic
Labordia sessilis,Loganiaceae,Kāmakahala,Apparently Secure,Endemic
Labordia tinifolia,Loganiaceae,Kāmakahala,Apparently Secure,Endemic
Labordia triflora,Loganiaceae,Kāmakahala,Endangered,Endemic
Labordia venosa,Loganiaceae,Kāmakahala,Apparently Secure,Endemic
Labordia waialealae,Loganiaceae,Kāmakahala lau li‘i,Apparently Secure,Endemic
Labordia waiolani,Loganiaceae,Kāmakahala,Apparently Secure,Endemic
Lachnagrostis filiformis,Poaceae,He‘upueo,Apparently Secure,Indigenous
Lellingeria saffordii,Grammitidaceae,Kihe,Apparently Secure,Endemic
Lepechinia hastata,Lamiaceae,Pakaha,Apparently Secure,Indigenous
Lepidium arbuscula,Brassicaceae,n/a,Endangered,Endemic
Lepidium bidentatum,Brassicaceae,‘Ānaunau,Vulnerable,Endemic
Lepidium orbiculare,Brassicaceae,‘Ānaunau,Endangered,Endemic
Lepidium remyi,Brassicaceae,‘Ānaunau,Extinct,Endemic
Lepidium serra,Brassicaceae,‘Ānaunau,Apparently Secure,Endemic
Lepisorus thunbergianus,Polypodiaceae,Pākahakaha,Apparently Secure,Indigenous
Leptecophylla tameiameiae,Ericaceae,Pūkiawe,Apparently Secure,Indigenous
Lindsaea repens,Lindsaeaceae,Laukahi,Apparently Secure,Endemic
Liparis hawaiensis,Orchidaceae,‘Awapuhiakanaloa,Rare,Endemic
Lipochaeta connata,Asteraceae,Nehe,Apparently Secure,Endemic
Lipochaeta degeneri,Asteraceae,Nehe,Extinct,Endemic
Lipochaeta heterophylla,Asteraceae,Nehe,Apparently Secure,Endemic
Lipochaeta lobata,Asteraceae,Nehe,Apparently Secure,Endemic
Lipochaeta rockii,Asteraceae,Nehe,Apparently Secure,Endemic
Lipochaeta succulenta,Asteraceae,Nehe,Apparently Secure,Endemic
Lobelia dunbariae,Campanulaceae,n/a,Rare,Endemic
Lobelia gaudichaudii,Campanulaceae,n/a,Vulnerable,Endemic
Lobelia gloria-montis,Campanulaceae,n/a,Apparently Secure,Endemic
Lobelia grayana,Campanulaceae,n/a,Apparently Secure,Endemic
Lobelia hillebrandii,Campanulaceae,n/a,Apparently Secure,Endemic
Lobelia hypoleuca,Campanulaceae,Kuhi‘aikamo‘owahie,Apparently Secure,Endemic
Lobelia kauaensis,Campanulaceae,Pu‘e,Rare,Endemic
Lobelia monostachya,Campanulaceae,n/a,Endangered,Endemic
Lobelia niihauensis,Campanulaceae,n/a,Endangered,Endemic
Lobelia oahuensis,Campanulaceae,n/a,Endangered,Endemic
Lobelia remyi,Campanulaceae,n/a,Extinct,Endemic
Lobelia villosa,Campanulaceae,n/a,Rare,Endemic
Lobelia yuccoides,Campanulaceae,Pānaunau,Rare,Endemic
Luzula hawaiiensis,Juncaceae,Wood rush,Apparently Secure,Endemic
Lycium sandwicense,Solanaceae,‘Ōhelo kai,Apparently Secure,Indigenous
Lycopodiella cernua,Lycopodiaceae,Wāwae‘iole,Apparently Secure,Indigenous
Lycopodium venustulum,Lycopodiaceae,n/a,Apparently Secure,Endemic
Lysimachia daphnoides,Myrsinaceae,Lehua makanoe,Rare,Endemic
Lysimachia filifolia,Myrsinaceae,n/a,Endangered,Endemic
Lysimachia forbesii,Myrsinaceae,n/a,Extinct,Endemic
Lysimachia glutinosa,Myrsinaceae,n/a,Apparently Secure,Endemic
Lysimachia hillebrandii,Myrsinaceae,Kolokolo kuahiwi,Apparently Secure,Endemic
Lysimachia iniki,Myrsinaceae,n/a,Rare,Endemic
Lysimachia kalalauensis,Myrsinaceae,n/a,Apparently Secure,Endemic
Lysimachia lydgatei,Myrsinaceae,n/a,Endangered,Endemic
Lysimachia mauritiana,Myrsinaceae,n/a,Apparently Secure,Indigenous
Lysimachia maxima,Myrsinaceae,n/a,Endangered,Endemic
Lysimachia pendens,Myrsinaceae,n/a,Rare,Endemic
Lysimachia remyi,Myrsinaceae,n/a,Apparently Secure,Endemic
Lysimachia scopulensis,Myrsinaceae,n/a,Rare,Endemic
Lysimachia venosa,Myrsinaceae,n/a,Endangered,Endemic
Machaerina angustifolia,Cyperaceae,‘Uki,Apparently Secure,Indigenous
Machaerina mariscoides,Cyperaceae,‘Uki,Apparently Secure,Indigenous
Marattia douglasii,Marattiaceae,Pala,Apparently Secure,Endemic
Marsilea villosa,Marsileaceae,‘Ihi‘ihi,Endangered,Endemic
Melanthera bryanii,Asteraceae,Nehe,Extinct,Endemic
Melanthera fauriei,Asteraceae,Nehe,Endangered,Endemic
Melanthera integrifolia,Asteraceae,Nehe,Apparently Secure,Endemic
Melanthera kamolensis,Asteraceae,Nehe,Endangered,Endemic
Melanthera lavarum,Asteraceae,Nehe,Apparently Secure,Endemic
Melanthera micrantha,Asteraceae,Nehe,Endangered,Endemic
Melanthera perdita,Asteraceae,Nehe,Extinct,Endemic
Melanthera populifolia,Asteraceae,Nehe,Extinct,Endemic
Melanthera remyi,Asteraceae,Nehe,Rare,Endemic
Melanthera subcordata,Asteraceae,Nehe,Apparently Secure,Endemic
Melanthera tenuifolia,Asteraceae,Nehe,Endangered,Endemic
Melanthera tenuis,Asteraceae,Nehe,Vulnerable,Endemic
Melanthera venosa,Asteraceae,Nehe,Endangered,Endemic
Melanthera waimeaensis,Asteraceae,Nehe,Endangered,Endemic
Melicope adscendens,Rutaceae,Alani,Endangered,Endemic
Melicope anisata,Rutaceae,Mokihana,Apparently Secure,Endemic
Melicope balloui,Rutaceae,Alani,Extinct,Endemic
Melicope barbigera,Rutaceae,Uahiapele,Apparently Secure,Endemic
Melicope christophersenii,Rutaceae,Alani,Rare,Endemic
Melicope cinerea,Rutaceae,Alani,Rare,Endemic
Melicope clusiifolia,Rutaceae,Kūkaemoa,Apparently Secure,Endemic
Melicope cruciata,Rutaceae,Pilo ‘ula,Rare,Endemic
Melicope degeneri,Rutaceae,Alani,Endangered,Endemic
Melicope elliptica,Rutaceae,Leiohi‘iaka,Apparently Secure,Endemic
Melicope feddei,Rutaceae,Alani,Apparently Secure,Endemic
Melicope haleakalae,Rutaceae,Alani,Rare,Endemic
Melicope haupuensis,Rutaceae,Alani,Endangered,Endemic
Melicope hawaiensis,Rutaceae,Mokihana kūkae moa,Vulnerable,Endemic
Melicope hiiakae,Rutaceae,Alani,Vulnerable,Endemic
Melicope hosakae,Rutaceae,Alani,Apparently Secure,Endemic
Melicope kaalaensis,Rutaceae,Alani,Apparently Secure,Endemic
Melicope kavaiensis,Rutaceae,Pilo ‘ula,Apparently Secure,Endemic
Melicope knudsenii,Rutaceae,Alani,Endangered,Endemic
Melicope lydgatei,Rutaceae,Alani,Endangered,Endemic
Melicope macropus,Rutaceae,Alani,Extinct,Endemic
Melicope makahae,Rutaceae,Alani,Endangered,Endemic
Melicope molokaiensis,Rutaceae,Alani,Apparently Secure,Endemic
Melicope mucronulata,Rutaceae,Alani,Endangered,Endemic
Melicope munroi,Rutaceae,Alani,Endangered,Endemic
Melicope nealae,Rutaceae,Alani,Extinct,Endemic
Melicope oahuensis,Rutaceae,Alani,Apparently Secure,Endemic
Melicope obovata,Rutaceae,Alani,Extinct,Endemic
Melicope orbicularis,Rutaceae,Alani,Apparently Secure,Endemic
Melicope ovalis,Rutaceae,Alani,Endangered,Endemic
Melicope ovata,Rutaceae,Alani,Apparently Secure,Endemic
Melicope pallida,Rutaceae,Alani,Endangered,Endemic
Melicope paniculata,Rutaceae,Alani,Vulnerable,Endemic
Melicope peduncularis,Rutaceae,Alani,Apparently Secure,Endemic
Melicope pseudoanisata,Rutaceae,Alani,Apparently Secure,Endemic
Melicope puberula,Rutaceae,Alani,Rare,Endemic
Melicope quadrangularis,Rutaceae,Alani,Endangered,Endemic
Melicope radiata,Rutaceae,Alani,Apparently Secure,Endemic
Melicope reflexa,Rutaceae,Alani,Endangered,Endemic
Melicope rotundifolia,Rutaceae,Alani,Apparently Secure,Endemic
Melicope saint-johnii,Rutaceae,Alani,Endangered,Endemic
Melicope sandwicensis,Rutaceae,Alani,Rare,Endemic
Melicope sessilis,Rutaceae,Alani,Apparently Secure,Endemic
Melicope volcanica,Rutaceae,Alani,Apparently Secure,Endemic
Melicope waialealae,Rutaceae,Alani wai,Apparently Secure,Endemic
Melicope wailauensis,Rutaceae,Alani,Extinct,Endemic
Melicope wawraeana,Rutaceae,Alani,Apparently Secure,Endemic
Melicope zahlbruckneri,Rutaceae,Alani,Endangered,Endemic
Metrosideros macropus,Myrtaceae,‘Ōhi‘a lehua,Apparently Secure,Endemic
Metrosideros polymorpha,Myrtaceae,‘Ōhi‘a lehua,Apparently Secure,Endemic
Metrosideros rugosa,Myrtaceae,Lehua papa,Apparently Secure,Endemic
Metrosideros tremuloides,Myrtaceae,Lehua ‘āhihi,Apparently Secure,Endemic
Metrosideros waialealae,Myrtaceae,‘Ōhi‘a lehua,Apparently Secure,Endemic
Microlepia speluncae,Dennstaedtiaceae,n/a,Apparently Secure,Indigenous
Microlepia strigosa,Dennstaedtiaceae,Palapalai,Apparently Secure,Endemic
Microsorum spectrum,Polypodiaceae,Pe‘ahi,Apparently Secure,Endemic
Morelotia gahniiformis,Cyperaceae,n/a,Apparently Secure,Endemic
Morinda trimera,Rubiaceae,Noni kuahiwi,Apparently Secure,Endemic
Mucuna gigantea,Fabaceae,Kā‘e‘e,Apparently Secure,Indigenous
Mucuna sloanei,Fabaceae,n/a,Apparently Secure,Endemic
Munroidendron racemosum,Araliaceae,n/a,Endangered,Endemic
Myoporum sandwicense,Scrophulariaceae,Naio,Apparently Secure,Indigenous
Myrsine alyxifolia,Primulaceae,Kōlea,Apparently Secure,Endemic
Myrsine degeneri,Primulaceae,Kōlea,Apparently Secure,Endemic
Myrsine denticulata,Primulaceae,Kōlea,Apparently Secure,Endemic
Myrsine emarginata,Primulaceae,Kōlea,Apparently Secure,Endemic
Myrsine fernseei,Primulaceae,Kōlea,Apparently Secure,Endemic
Myrsine fosbergii,Primulaceae,Kōlea,Rare,Endemic
Myrsine helleri,Primulaceae,‘Ōliko,Apparently Secure,Endemic
Myrsine juddii,Primulaceae,Kōlea,Endangered,Endemic
Myrsine kauaiensis,Primulaceae,Kōlea,Apparently Secure,Endemic
Myrsine knudsenii,Primulaceae,Kōlea,Rare,Endemic
Myrsine lanaiensis,Primulaceae,Kōlea,Apparently Secure,Endemic
Myrsine lessertiana,Primulaceae,Kōlea lau nui,Apparently Secure,Endemic
Myrsine linearifolia,Primulaceae,Kōlea,Vulnerable,Endemic
Myrsine mezii,Primulaceae,Kōlea,Endangered,Endemic
Myrsine petiolata,Primulaceae,Kōlea,Apparently Secure,Endemic
Myrsine pukooensis,Primulaceae,Kōlea,Apparently Secure,Endemic
Myrsine punctata,Primulaceae,Kōlea,Apparently Secure,Endemic
Myrsine sandwicensis,Primulaceae,Kōlea lau li‘i,Apparently Secure,Endemic
Myrsine vaccinioides,Primulaceae,Kōlea,Endangered,Endemic
Myrsine wawraea,Primulaceae,Kōlea,Apparently Secure,Endemic
Nama sandwicensis,Boraginaceae,Hinahina kahakai,Vulnerable,Endemic
Nephrolepis cordifolia,Nephrolepidaceae,Kupukupu lau li‘i,Apparently Secure,Indigenous
Nephrolepis exaltata,Nephrolepidaceae,Kupukupu,Apparently Secure,Endemic
Neraudia angulata,Urticaceae,n/a,Endangered,Endemic
Neraudia kauaiensis,Urticaceae,n/a,Rare,Endemic
Neraudia melastomifolia,Urticaceae,n/a,Apparently Secure,Endemic
Neraudia ovata,Urticaceae,n/a,Endangered,Endemic
Neraudia sericea,Urticaceae,n/a,Endangered,Endemic
Nertera granadensis,Rubiaceae,Pilo,Apparently Secure,Indigenous
Nesoluma polynesicum,Sapotaceae,Ma‘aloa,Vulnerable,Indigenous
Nestegis sandwicensis,Oleaceae,Olopua,Apparently Secure,Endemic
Nothocestrum breviflorum,Solanaceae,‘Aiea,Endangered,Endemic
Nothocestrum latifolium,Solanaceae,‘Aiea,Rare,Endemic
Nothocestrum longifolium,Solanaceae,‘Aiea,Apparently Secure,Endemic
Nothocestrum peltatum,Solanaceae,‘Aiea,Endangered,Endemic
Nothoperanema rubiginosa,Dryopteridaceae,n/a,Apparently Secure,Endemic
Nototrichium divaricatum,Amaranthaceae,Kulu‘ī,Rare,Endemic
Nototrichium humile,Amaranthaceae,Kulu‘ī,Endangered,Endemic
Nototrichium sandwicense,Amaranthaceae,Kulu‘ī,Apparently Secure,Endemic
Ochrosia compta,Apocynaceae,Hōlei,Rare,Endemic
Ochrosia haleakalae,Apocynaceae,Hōlei,Rare,Endemic
Ochrosia kauaiensis,Apocynaceae,Hōlei,Rare,Endemic
Ochrosia kilaueaensis,Apocynaceae,Hōlei,Extinct,Endemic
Ophioderma pendulum,Ophioglossaceae,Puapua moa,Apparently Secure,Indigenous
Ophioglossum petiolatum,Ophioglossaceae,Adder's tongue,Apparently Secure,Indigenous
Ophioglossum polyphyllum,Ophioglossaceae,Pololei,Apparently Secure,Indigenous
Oreobolus furcatus,Cyperaceae,n/a,Apparently Secure,Endemic
Osteomeles anthyllidifolia,Rosaceae,‘Ūlei,Apparently Secure,Indigenous
Pandanus tectorius,Pandanaceae,Hala,Apparently Secure,Indigenous
Panicum beecheyi,Poaceae,n/a,Apparently Secure,Endemic
Panicum fauriei,Poaceae,n/a,Apparently Secure,Endemic
Panicum konaense,Poaceae,n/a,Apparently Secure,Endemic
Panicum lineale,Poaceae,n/a,Rare,Endemic
Panicum longivaginatum,Poaceae,n/a,Rare,Endemic
Panicum nephelophilum,Poaceae,Konakona,Apparently Secure,Endemic
Panicum niihauense,Poaceae,Lau‘ehu,Endangered,Endemic
Panicum pellitum,Poaceae,Kāi‘oi‘o,Apparently Secure,Endemic
Panicum ramosius,Poaceae,n/a,Rare,Endemic
Panicum tenuifolium,Poaceae,Mountain pili,Apparently Secure,Endemic
Panicum torridum,Poaceae,Kākonakona,Apparently Secure,Endemic
Panicum xerophilum,Poaceae,Kākonakona,Apparently Secure,Endemic
Paspalum scrobiculatum,Poaceae,Mau‘u laiki,Apparently Secure,Indigenous
Pellaea ternifolia,Pteridaceae,Kalamoho lau li‘i,Apparently Secure,Indigenous
Peperomia alternifolia,Piperaceae,‘Ala‘ala wai nui,Apparently Secure,Endemic
Peperomia blanda,Piperaceae,‘Ala‘ala wai nui,Apparently Secure,Indigenous
Peperomia cookiana,Piperaceae,‘Ala‘ala wai nui,Apparently Secure,Endemic
Peperomia degeneri,Piperaceae,‘Ala‘ala wai nui,Extinct,Endemic
Peperomia eekana,Piperaceae,‘Ala‘ala wai nui,Apparently Secure,Endemic
Peperomia ellipticibacca,Piperaceae,‘Ala‘ala wai nui,Apparently Secure,Endemic
Peperomia expallescens,Piperaceae,‘Ala‘ala wai nui,Apparently Secure,Endemic
Peperomia globulanthera,Piperaceae,‘Ala‘ala wai nui,Apparently Secure,Endemic
Peperomia hesperomannii,Piperaceae,‘Ala‘ala wai nui,Apparently Secure,Endemic
Peperomia hirtipetiola,Piperaceae,‘Ala‘ala wai nui,Apparently Secure,Endemic
Peperomia hypoleuca,Piperaceae,‘Ala‘ala wai nui,Apparently Secure,Endemic
Peperomia kipahuluensis,Piperaceae,‘Ala‘ala wai nui,Apparently Secure,Endemic
Peperomia kokeana,Piperaceae,‘Ala‘ala wai nui,Apparently Secure,Endemic
Peperomia latifolia,Piperaceae,‘Ala‘ala wai nui,Apparently Secure,Endemic
Peperomia ligustrina,Piperaceae,‘Ala‘ala wai nui,Apparently Secure,Endemic
Peperomia macraeana,Piperaceae,‘Ala‘ala wai nui,Apparently Secure,Endemic
Peperomia mauiensis,Piperaceae,‘Ala‘ala wai nui,Apparently Secure,Endemic
Peperomia membranacea,Piperaceae,‘Ala‘ala wai nui,Apparently Secure,Endemic
Peperomia oahuensis,Piperaceae,‘Ala‘ala wai nui,Apparently Secure,Endemic
Peperomia obovatilimba,Piperaceae,‘Ala‘ala wai nui,Apparently Secure,Endemic
Peperomia remyi,Piperaceae,‘Ala‘ala wai nui,Apparently Secure,Endemic
Peperomia rockii,Piperaceae,‘Ala‘ala wai nui,Rare,Endemic
Peperomia sandwicensis,Piperaceae,‘Ala‘ala wai nui,Apparently Secure,Endemic
Peperomia subpetiolata,Piperaceae,‘Ala‘ala wai nui,Endangered,Endemic
Peperomia tetraphylla,Piperaceae,‘Ala‘ala wai nui,Apparently Secure,Indigenous
Perrottetia sandwicensis,Celastraceae,Olomea,Apparently Secure,Endemic
Peucedanum sandwicense,Apiaceae,Makou,Vulnerable,Endemic
Phyllanthus distichus,Phyllanthaceae,Pāmakani māhū,Apparently Secure,Endemic
Phyllostegia ambigua,Lamiaceae,n/a,Apparently Secure,Endemic
Phyllostegia bracteata,Lamiaceae,n/a,Endangered,Endemic
Phyllostegia brevidens,Lamiaceae,n/a,Endangered,Endemic
Phyllostegia electra,Lamiaceae,n/a,Apparently Secure,Endemic
Phyllostegia floribunda,Lamiaceae,n/a,Rare,Endemic
Phyllostegia glabra,Lamiaceae,Ulihi,Apparently Secure,Endemic
Phyllostegia grandiflora,Lamiaceae,Kāpana,Apparently Secure,Endemic
Phyllostegia haliakalae,Lamiaceae,n/a,Extinct,Endemic
Phyllostegia helleri,Lamiaceae,n/a,Extinct,Endemic
Phyllostegia hillebrandii,Lamiaceae,n/a,Extinct,Endemic
Phyllostegia hirsuta,Lamiaceae,n/a,Endangered,Endemic
Phyllostegia hispida,Lamiaceae,n/a,Endangered,Endemic
Phyllostegia kaalaensis,Lamiaceae,n/a,Endangered,Endemic
Phyllostegia kahiliensis,Lamiaceae,n/a,Rare,Endemic
Phyllostegia knudsenii,Lamiaceae,n/a,Endangered,Endemic
Phyllostegia lantanoides,Lamiaceae,n/a,Apparently Secure,Endemic
Phyllostegia macrophylla,Lamiaceae,n/a,Apparently Secure,Endemic
Phyllostegia mannii,Lamiaceae,n/a,Endangered,Endemic
Phyllostegia micrantha,Lamiaceae,n/a,Extinct,Endemic
Phyllostegia mollis,Lamiaceae,n/a,Endangered,Endemic
Phyllostegia parviflora,Lamiaceae,n/a,Endangered,Endemic
Phyllostegia pilosa,Lamiaceae,n/a,Endangered,Endemic
Phyllostegia racemosa,Lamiaceae,n/a,Endangered,Endemic
Phyllostegia renovans,Lamiaceae,n/a,Rare,Endemic
Phyllostegia rockii,Lamiaceae,n/a,Extinct,Endemic
Phyllostegia stachyoides,Lamiaceae,n/a,Endangered,Endemic
Phyllostegia velutina,Lamiaceae,n/a,Endangered,Endemic
Phyllostegia vestita,Lamiaceae,n/a,Apparently Secure,Endemic
Phyllostegia waimeae,Lamiaceae,n/a,Extinct,Endemic
Phyllostegia warshaueri,Lamiaceae,n/a,Endangered,Endemic
Phyllostegia wawrana,Lamiaceae,n/a,Endangered,Endemic
Phytolacca sandwicensis,Phytolaccaceae,Kīponapona,Apparently Secure,Endemic
Pilea peploides,Urticaceae,n/a,Apparently Secure,Indigenous
Pipturus albidus,Urticaceae,Māmaki,Apparently Secure,Endemic
Pipturus forbesii,Urticaceae,Māmaki,Apparently Secure,Endemic
Pipturus kauaiensis,Urticaceae,Māmaki,Apparently Secure,Endemic
Pipturus ruber,Urticaceae,Māmaki,Apparently Secure,Endemic
Pisonia brunoniana,Nyctaginaceae,Pāpala kēpau,Apparently Secure,Indigenous
Pisonia sandwicensis,Nyctaginaceae,Pāpala kēpau,Apparently Secure,Endemic
Pisonia umbellifera,Nyctaginaceae,Pāpala kēpau,Apparently Secure,Indigenous
Pisonia wagneriana,Nyctaginaceae,Pāpala kēpau,Rare,Endemic
Pittosporum argentifolium,Pittosporaceae,Hō‘awa,Rare,Endemic
Pittosporum confertiflorum,Pittosporaceae,Hō‘awa,Apparently Secure,Endemic
Pittosporum flocculosum,Pittosporaceae,Hō‘awa,Apparently Secure,Endemic
Pittosporum gayanum,Pittosporaceae,Hō‘awa,Apparently Secure,Endemic
Pittosporum glabrum,Pittosporaceae,Hō‘awa,Apparently Secure,Endemic
Pittosporum halophilum,Pittosporaceae,Hō‘awa,Rare,Endemic
Pittosporum hawaiiense,Pittosporaceae,Hō‘awa,Rare,Endemic
Pittosporum hosmeri,Pittosporaceae,Hō‘awa,Apparently Secure,Endemic
Pittosporum kauaiense,Pittosporaceae,Hō‘awa,Apparently Secure,Endemic
Pittosporum napaliense,Pittosporaceae,Hō‘awa,Rare,Endemic
Pittosporum terminalioides,Pittosporaceae,Hō‘awa,Apparently Secure,Endemic
Plantago hawaiensis,Plantaginaceae,Laukahi kuahiwi,Endangered,Endemic
Plantago pachyphylla,Plantaginaceae,Laukahi kuahiwi,Apparently Secure,Endemic
Plantago princeps,Plantaginaceae,Laukahi kuahiwi,Endangered,Endemic
Platanthera holochila,Orchidaceae,n/a,Endangered,Endemic
Platydesma cornuta,Rutaceae,n/a,Rare,Endemic
Platydesma remyi,Rutaceae,n/a,Vulnerable,Endemic
Platydesma rostrata,Rutaceae,Pilo kea lau li‘i,Rare,Endemic
Platydesma spathulata,Rutaceae,Pilo kea,Apparently Secure,Endemic
Plectranthus parviflorus,Lamiaceae,‘Ala‘ala wai nui wahine,Apparently Secure,Indigenous
Pleomele aurea,Ruscaceae,Hala pepe,Apparently Secure,Endemic
Pleomele auwahiensis,Ruscaceae,Hala pepe,Apparently Secure,Endemic
Pleomele fernaldii,Ruscaceae,Hala pepe,Endangered,Endemic
Pleomele forbesii,Ruscaceae,Hala pepe,Rare,Endemic
Pleomele halapepe,Ruscaceae,Hala pepe,Apparently Secure,Endemic
Pleomele hawaiiensis,Ruscaceae,Hala pepe,Endangered,Endemic
Plumbago zeylanica,Plumbaginaceae,‘Ilie‘e,Apparently Secure,Indigenous
Poa mannii,Poaceae,n/a,Endangered,Endemic
Poa sandvicensis,Poaceae,n/a,Endangered,Endemic
Poa siphonoglossa,Poaceae,n/a,Endangered,Endemic
Polypodium pellucidum,Polypodiaceae,‘Ae,Apparently Secure,Endemic
Polystichum bonseyi,Dryopteridaceae,n/a,Apparently Secure,Endemic
Polystichum haleakalense,Dryopteridaceae,n/a,Apparently Secure,Endemic
Polystichum hillebrandii,Dryopteridaceae,Ka‘upu,Apparently Secure,Endemic
Portulaca lutea,Portulacaceae,‘Ihi,Apparently Secure,Indigenous
Portulaca molokiniensis,Portulacaceae,‘Ihi,Rare,Endemic
Portulaca sclerocarpa,Portulacaceae,Po‘e,Endangered,Endemic
Portulaca villosa,Portulacaceae,‘Ihi,Vulnerable,Endemic
Potamogeton foliosus,Potamogetonaceae,Leafy pondweed,Apparently Secure,Indigenous
Potamogeton nodosus,Potamogetonaceae,Long-leafed pondweed,Apparently Secure,Indigenous
Pouteria sandwicensis,Sapotaceae,‘Āla‘a,Apparently Secure,Endemic
Pritchardia affinis,Arecaceae,Loulu,Endangered,Endemic
Pritchardia arecina,Arecaceae,Loulu,Apparently Secure,Endemic
Pritchardia aylmer-robinsonii,Arecaceae,Loulu,Endangered,Endemic
Pritchardia beccariana,Arecaceae,Loulu,Apparently Secure,Endemic
Pritchardia forbesiana,Arecaceae,Loulu,Rare,Endemic
Pritchardia glabrata,Arecaceae,Loulu,Vulnerable,Endemic
Pritchardia hardyi,Arecaceae,Loulu,Rare,Endemic
Pritchardia hillebrandii,Arecaceae,Loulu,Apparently Secure,Endemic
Pritchardia kaalae,Arecaceae,Loulu,Endangered,Endemic
Pritchardia lanaiensis,Arecaceae,Loulu,Vulnerable,Endemic
Pritchardia lanigera,Arecaceae,Loulu,Rare,Endemic
Pritchardia limahuliensis,Arecaceae,Loulu,Endangered,Endemic
Pritchardia lowreyana,Arecaceae,Loulu,Apparently Secure,Endemic
Pritchardia martii,Arecaceae,Loulu hiwa,Apparently Secure,Endemic
Pritchardia minor,Arecaceae,Loulu,Apparently Secure,Endemic
Pritchardia munroi,Arecaceae,Loulu,Endangered,Endemic
Pritchardia napaliensis,Arecaceae,Loulu,Endangered,Endemic
Pritchardia perlmanii,Arecaceae,Loulu,Endangered,Endemic
Pritchardia schattaueri,Arecaceae,Loulu,Endangered,Endemic
Pritchardia viscosa,Arecaceae,Loulu,Endangered,Endemic
Pritchardia waialealeana,Arecaceae,Loulu,Apparently Secure,Endemic
Pseudognaphalium sandwicensium,Asteraceae,‘Ena‘ena,Apparently Secure,Endemic
Pseudophegopteris keraudreniana,Thelypteridaceae,Waimakanui,Apparently Secure,Endemic
Psilotum complanatum,Psilotaceae,Moa,Apparently Secure,Indigenous
Psilotum nudum,Psilotaceae,Moa,Apparently Secure,Indigenous
Psychotria fauriei,Rubiaceae,Kōpiko,Apparently Secure,Endemic
Psychotria grandiflora,Rubiaceae,Kōpiko,Endangered,Endemic
Psychotria greenwelliae,Rubiaceae,Kōpiko,Apparently Secure,Endemic
Psychotria hathewayi,Rubiaceae,Kōpiko,Apparently Secure,Endemic
Psychotria hawaiiensis,Rubiaceae,Kōpiko ‘ula,Apparently Secure,Endemic
Psychotria hexandra,Rubiaceae,Kōpiko,Apparently Secure,Endemic
Psychotria hobdyi,Rubiaceae,Kōpiko,Endangered,Endemic
Psychotria kaduana,Rubiaceae,Kōpiko,Apparently Secure,Endemic
Psychotria mariniana,Rubiaceae,Kōpiko,Apparently Secure,Endemic
Psychotria mauiensis,Rubiaceae,Kōpiko,Apparently Secure,Endemic
Psychotria wawrae,Rubiaceae,Kōpiko,Rare,Endemic
Psydrax odorata,Rubiaceae,Alahe‘e,Apparently Secure,Indigenous
Pteralyxia kauaiensis,Apocynaceae,Kaulu,Endangered,Endemic
Pteralyxia macrocarpa,Apocynaceae,Kaulu,Vulnerable,Endemic
Pteridium aquilinum,Dennstaedtiaceae,Kīlau,Apparently Secure,Endemic
Pteris cretica,Pteridaceae,‘Ōali,Apparently Secure,Indigenous
Pteris excelsa,Pteridaceae,Waimakanui,Apparently Secure,Indigenous
Pteris hillebrandii,Pteridaceae,n/a,Apparently Secure,Endemic
Pteris irregularis,Pteridaceae,Mānā,Apparently Secure,Endemic
Pteris lidgatei,Pteridaceae,n/a,Endangered,Endemic
Ranunculus hawaiensis,Ranunculaceae,Makou,Endangered,Endemic
Ranunculus mauiensis,Ranunculaceae,Makou,Endangered,Endemic
Rauvolfia sandwicensis,Apocynaceae,Hao,Apparently Secure,Endemic
Remya kauaiensis,Asteraceae,n/a,Endangered,Endemic
Remya mauiensis,Asteraceae,n/a,Endangered,Endemic
Remya montgomeryi,Asteraceae,n/a,Endangered,Endemic
Reynoldsia sandwicensis,Araliaceae,‘Ohe makai,Rare,Endemic
Rhus sandwicensis,Anacardiaceae,Neneleau,Apparently Secure,Endemic
Rhynchospora chinensis,Cyperaceae,n/a,Apparently Secure,Indigenous
Rhynchospora rugosa,Cyperaceae,Pu‘uko‘a,Apparently Secure,Indigenous
Rhynchospora sclerioides,Cyperaceae,n/a,Apparently Secure,Indigenous
Rubus hawaiensis,Rosaceae,‘Ākala,Apparently Secure,Endemic
Rubus macraei,Rosaceae,‘Ākala,Rare,Endemic
Rumex albescens,Polygonaceae,Hu‘ahu‘akō,Apparently Secure,Endemic
Rumex giganteus,Polygonaceae,Pāwale,Apparently Secure,Endemic
Rumex skottsbergii,Polygonaceae,Pāwale,Apparently Secure,Endemic
Ruppia maritima,Ruppiaceae,Ditchgrass,Apparently Secure,Indigenous
Sadleria cyatheoides,Blechnaceae,‘Ama‘u,Apparently Secure,Endemic
Sadleria pallida,Blechnaceae,‘Ama‘u,Apparently Secure,Endemic
Sadleria souleyetiana,Blechnaceae,‘Ama‘u,Apparently Secure,Endemic
Sadleria squarrosa,Blechnaceae,‘Apu‘u,Apparently Secure,Endemic
Sadleria unisora,Blechnaceae,‘Apu‘u,Apparently Secure,Endemic
Sadleria wagneriana,Blechnaceae,‘Ama‘u,Apparently Secure,Endemic
Sanicula kauaiensis,Apiaceae,n/a,Extinct,Endemic
Sanicula mariversa,Apiaceae,n/a,Endangered,Endemic
Sanicula purpurea,Apiaceae,n/a,Endangered,Endemic
Sanicula sandwicensis,Apiaceae,n/a,Rare,Endemic
Santalum ellipticum,Santalaceae,‘Iliahi,Apparently Secure,Endemic
Santalum freycinetianum,Santalaceae,‘Iliahi,Apparently Secure,Endemic
Santalum haleakalae,Santalaceae,‘Iliahi,Apparently Secure,Endemic
Santalum paniculatum,Santalaceae,‘Iliahi,Apparently Secure,Endemic
Sapindus oahuensis,Sapindaceae,Lonomea,Apparently Secure,Endemic
Sapindus saponaria,Sapindaceae,Mānele,Apparently Secure,Indigenous
Scaevola chamissoniana,Goodeniaceae,Naupaka kuahiwi,Apparently Secure,Endemic
Scaevola coriacea,Goodeniaceae,Dwarf Naupaka,Endangered,Endemic
Scaevola gaudichaudiana,Goodeniaceae,Naupaka kuahiwi,Apparently Secure,Endemic
Scaevola gaudichaudii,Goodeniaceae,Naupaka kuahiwi,Apparently Secure,Endemic
Scaevola glabra,Goodeniaceae,‘Ohe naupaka,Apparently Secure,Endemic
Scaevola hobdyi,Goodeniaceae,Naupaka kuahiwi,Extinct,Endemic
Scaevola kilaueae,Goodeniaceae,Huahekili uka,Rare,Endemic
Scaevola mollis,Goodeniaceae,Naupaka kuahiwi,Apparently Secure,Endemic
Scaevola procera,Goodeniaceae,Naupaka kuahiwi,Apparently Secure,Endemic
Scaevola taccada,Goodeniaceae,Naupaka kahakai,Apparently Secure,Indigenous
Sceptridium subbifoliatum,Ophioglossaceae,Makou,Extinct,Endemic
Schiedea adamantis,Caryophyllaceae,n/a,Endangered,Endemic
Schiedea amplexicaulis,Caryophyllaceae,n/a,Extinct,Endemic
Schiedea apokremnos,Caryophyllaceae,n/a,Endangered,Endemic
Schiedea attenuata,Caryophyllaceae,n/a,Endangered,Endemic
Schiedea diffusa,Caryophyllaceae,n/a,Rare,Endemic
Schiedea globosa,Caryophyllaceae,n/a,Vulnerable,Endemic
Schiedea haleakalensis,Caryophyllaceae,n/a,Endangered,Endemic
Schiedea hawaiiensis,Caryophyllaceae,n/a,Endangered,Endemic
Schiedea helleri,Caryophyllaceae,n/a,Endangered,Endemic
Schiedea hookeri,Caryophyllaceae,n/a,Endangered,Endemic
Schiedea implexa,Caryophyllaceae,n/a,Extinct,Endemic
Schiedea jacobii,Caryophyllaceae,n/a,Endangered,Endemic
Schiedea kaalae,Caryophyllaceae,n/a,Endangered,Endemic
Schiedea kauaiensis,Caryophyllaceae,n/a,Endangered,Endemic
Schiedea kealiae,Caryophyllaceae,n/a,Endangered,Endemic
Schiedea ligustrina,Caryophyllaceae,n/a,Vulnerable,Endemic
Schiedea lychnoides,Caryophyllaceae,Kuawāwaenohu,Endangered,Endemic
Schiedea lydgatei,Caryophyllaceae,n/a,Endangered,Endemic
Schiedea mannii,Caryophyllaceae,n/a,Vulnerable,Endemic
Schiedea membranacea,Caryophyllaceae,n/a,Endangered,Endemic
Schiedea menziesii,Caryophyllaceae,n/a,Vulnerable,Endemic
Schiedea nuttallii,Caryophyllaceae,n/a,Endangered,Endemic
Schiedea obovata,Caryophyllaceae,n/a,Endangered,Endemic
Schiedea pentandra,Caryophyllaceae,n/a,Rare,Endemic
Schiedea perlmanii,Caryophyllaceae,n/a,Endangered,Endemic
Schiedea pubescens,Caryophyllaceae,n/a,Rare,Endemic
Schiedea salicaria,Caryophyllaceae,n/a,Vulnerable,Endemic
Schiedea sarmentosa,Caryophyllaceae,n/a,Endangered,Endemic
Schiedea spergulina,Caryophyllaceae,n/a,Vulnerable,Endemic
Schiedea stellarioides,Caryophyllaceae,Laulihilihi,Endangered,Endemic
Schiedea trinervis,Caryophyllaceae,n/a,Endangered,Endemic
Schiedea viscosa,Caryophyllaceae,n/a,Endangered,Endemic
Schizaea robusta,Schizaeaceae,‘Oāli‘I makali‘i,Apparently Secure,Endemic
Schoenoplectus juncoides,Cyperaceae,Kaluhā,Apparently Secure,Indigenous
Schoenoplectus tabernaemontani,Cyperaceae,‘Aka‘akai,Apparently Secure,Indigenous
Scleria testacea,Cyperaceae,Nutgrass,Apparently Secure,Indigenous
Selaginella arbuscula,Selaginellaceae,Lepelepe a moa,Apparently Secure,Endemic
Selaginella deflexa,Selaginellaceae,n/a,Apparently Secure,Endemic
Senna gaudichaudii,Fabaceae,Kolomona,Apparently Secure,Indigenous
Sesbania tomentosa,Fabaceae,‘Ohai,Endangered,Endemic
Sesuvium portulacastrum,Aizoaceae,‘Ākulikuli,Apparently Secure,Indigenous
Sicyos alba,Cucurbitaceae,‘Ānunu,Endangered,Endemic
Sicyos anunu,Cucurbitaceae,‘Ānunu,Apparently Secure,Endemic
Sicyos cucumerinus,Cucurbitaceae,Panunukuahiwi,Rare,Endemic
Sicyos erostratus,Cucurbitaceae,‘Ānunu,Apparently Secure,Endemic
Sicyos herbstii,Cucurbitaceae,‘Ānunu,Apparently Secure,Endemic
Sicyos hillebrandii,Cucurbitaceae,‘Ānunu,Extinct,Endemic
Sicyos hispidus,Cucurbitaceae,‘Ānunu,Apparently Secure,Endemic
Sicyos lanceoloideus,Cucurbitaceae,‘Ānunu,Endangered,Endemic
Sicyos lasiocephalus,Cucurbitaceae,‘Ānunu,Apparently Secure,Endemic
Sicyos macrophyllus,Cucurbitaceae,‘Ānunu,Rare,Endemic
Sicyos maximowiczii,Cucurbitaceae,Puaokama,Apparently Secure,Endemic
Sicyos pachycarpus,Cucurbitaceae,Kūpala,Apparently Secure,Endemic
Sicyos waimanaloensis,Cucurbitaceae,‘Ānunu,Rare,Endemic
Sida fallax,Malvaceae,‘Ilima,Apparently Secure,Indigenous
Silene alexandri,Caryophyllaceae,n/a,Endangered,Endemic
Silene cryptopetala,Caryophyllaceae,n/a,Extinct,Endemic
Silene degeneri,Caryophyllaceae,n/a,Extinct,Endemic
Silene hawaiiensis,Caryophyllaceae,n/a,Rare,Endemic
Silene lanceolata,Caryophyllaceae,n/a,Endangered,Endemic
Silene perlmanii,Caryophyllaceae,n/a,Extinct,Endemic
Silene struthioloides,Caryophyllaceae,n/a,Apparently Secure,Endemic
Sisyrinchium acre,Iridaceae,Mau‘u lā‘ili,Rare,Endemic
Smilax melastomifolia,Smilacaceae,Hoi kuahiwi,Apparently Secure,Endemic
Solanum americanum,Solanaceae,Pōpolo,Apparently Secure,Indigenous
Solanum incompletum,Solanaceae,Pōpolo kū mai,Endangered,Endemic
Solanum nelsonii,Solanaceae,Pōpolo,Vulnerable,Endemic
Solanum sandwicense,Solanaceae,Pōpolo‘aiakeakua,Endangered,Endemic
Sophora chrysophylla,Fabaceae,Māmane,Apparently Secure,Endemic
Spermolepis hawaiiensis,Apiaceae,n/a,Endangered,Endemic
Sphaerocionium lanceolatum,Hymenophyllaceae,Palai hinahina,Apparently Secure,Endemic
Sphenomeris chinensis,Lindsaeaceae,Pala‘ā,Apparently Secure,Indigenous
Sporobolus virginicus,Poaceae,‘Aki‘aki,Apparently Secure,Indigenous
Stenogyne angustifolia,Lamiaceae,n/a,Endangered,Endemic
Stenogyne bifida,Lamiaceae,n/a,Endangered,Endemic
Stenogyne calaminthoides,Lamiaceae,n/a,Apparently Secure,Endemic
Stenogyne calycosa,Lamiaceae,n/a,Vulnerable,Endemic
Stenogyne campanulata,Lamiaceae,n/a,Endangered,Endemic
Stenogyne cinerea,Lamiaceae,n/a,Extinct,Endemic
Stenogyne cranwelliae,Lamiaceae,n/a,Endangered,Endemic
Stenogyne haliakalae,Lamiaceae,n/a,Extinct,Endemic
Stenogyne kaalae,Lamiaceae,n/a,Apparently Secure,Endemic
Stenogyne kamehamehae,Lamiaceae,n/a,Apparently Secure,Endemic
Stenogyne kanehoana,Lamiaceae,n/a,Endangered,Endemic
Stenogyne kealiae,Lamiaceae,n/a,Rare,Endemic
Stenogyne macrantha,Lamiaceae,n/a,Rare,Endemic
Stenogyne microphylla,Lamiaceae,n/a,Apparently Secure,Endemic
Stenogyne oxygona,Lamiaceae,n/a,Extinct,Endemic
Stenogyne purpurea,Lamiaceae,n/a,Apparently Secure,Endemic
Stenogyne rotundifolia,Lamiaceae,Pua‘ainaka,Apparently Secure,Endemic
Stenogyne rugosa,Lamiaceae,Mā‘ohi‘ohi,Apparently Secure,Endemic
Stenogyne scrophularioides,Lamiaceae,Mōhihi,Apparently Secure,Endemic
Stenogyne sessilis,Lamiaceae,n/a,Apparently Secure,Endemic
Stenogyne viridis,Lamiaceae,n/a,Extinct,Endemic
Sticherus owhyhensis,Gleicheniaceae,Uluhe,Apparently Secure,Endemic
Streblus pendulinus,Moraceae,A‘ia‘i,Apparently Secure,Indigenous
Strongylodon ruber,Fabaceae,Nuku ‘i‘iwi,Rare,Endemic
Syzygium sandwicensis,Myrtaceae,‘Ōhi‘a hā,Apparently Secure,Endemic
Tectaria gaudichaudii,Dryopteridaceae,‘Iwa‘iwa lau nui,Apparently Secure,Endemic
Tetramolopium arenarium,Asteraceae,n/a,Endangered,Endemic
Tetramolopium capillare,Asteraceae,Pāmakani,Endangered,Endemic
Tetramolopium consanguineum,Asteraceae,n/a,Rare,Endemic
Tetramolopium conyzoides,Asteraceae,n/a,Extinct,Endemic
Tetramolopium filiforme,Asteraceae,n/a,Endangered,Endemic
Tetramolopium humile,Asteraceae,n/a,Apparently Secure,Endemic
Tetramolopium lepidotum,Asteraceae,n/a,Endangered,Endemic
Tetramolopium remyi,Asteraceae,n/a,Endangered,Endemic
Tetramolopium rockii,Asteraceae,n/a,Vulnerable,Endemic
Tetramolopium sylvae,Asteraceae,n/a,Rare,Endemic
Tetramolopium tenerrimum,Asteraceae,n/a,Extinct,Endemic
Tetraplasandra flynnii,Araliaceae,n/a,Endangered,Endemic
Tetraplasandra gymnocarpa,Araliaceae,‘Ohe‘ohe,Endangered,Endemic
Tetraplasandra hawaiensis,Araliaceae,‘Ohe,Apparently Secure,Endemic
Tetraplasandra kavaiensis,Araliaceae,‘Ohe‘ohe,Apparently Secure,Endemic
Tetraplasandra oahuensis,Araliaceae,‘Ohe mauka,Apparently Secure,Endemic
Tetraplasandra waialealae,Araliaceae,n/a,Apparently Secure,Endemic
Tetraplasandra waimeae,Araliaceae,‘Ohe kiko‘olā,Apparently Secure,Endemic
Thelypteris globulifera,Thelypteridaceae,Palapalai o Kamapua‘a,Apparently Secure,Endemic
Thespesia populnea,Malvaceae,Milo,Apparently Secure,Indigenous
Touchardia latifolia,Urticaceae,Olonā,Apparently Secure,Endemic
Trematolobelia grandifolia,Campanulaceae,Koli‘i,Rare,Endemic
Trematolobelia kauaiensis,Campanulaceae,Koli‘i,Apparently Secure,Endemic
Trematolobelia macrostachys,Campanulaceae,Koli‘i,Apparently Secure,Endemic
Trematolobelia singularis,Campanulaceae,Koli‘i,Endangered,Endemic
Tribulus cistoides,Zygophyllaceae,Nohu,Apparently Secure,Indigenous
Trisetum glomeratum,Poaceae,Pili uka,Apparently Secure,Endemic
Trisetum inaequale,Poaceae,n/a,Apparently Secure,Endemic
Uncinia brevicaulis,Cyperaceae,n/a,Apparently Secure,Indigenous
Uncinia uncinata,Cyperaceae,n/a,Apparently Secure,Indigenous
Urera glabra,Urticaceae,Ōpuhe,Apparently Secure,Endemic
Urera kaalae,Urticaceae,Ōpuhe,Endangered,Endemic
Vaccinium calycinum,Ericaceae,‘Ōhelo kau lā‘au,Apparently Secure,Endemic
Vaccinium dentatum,Ericaceae,‘Ōhelo,Apparently Secure,Endemic
Vaccinium reticulatum,Ericaceae,‘Ōhelo,Apparently Secure,Endemic
Vandenboschia cyrtotheca,Hymenophyllaceae,n/a,Apparently Secure,Endemic
Vandenboschia davallioides,Hymenophyllaceae,Palai hihi,Apparently Secure,Endemic
Vandenboschia tubiflora,Hymenophyllaceae,n/a,Apparently Secure,Endemic
Vicia menziesii,Fabaceae,Hawaiian vetch,Endangered,Endemic
Vigna adenantha,Fabaceae,n/a,Extinct,Indigenous
Vigna marina,Fabaceae,Mohihihi,Apparently Secure,Indigenous
Vigna o-wahuensis,Fabaceae,n/a,Endangered,Endemic
Viola chamissoniana,Violaceae,‘Olopū,Apparently Secure,Endemic
Viola helenae,Violaceae,n/a,Endangered,Endemic
Viola kauaensis,Violaceae,Nani Wai‘ale‘ale,Apparently Secure,Endemic
Viola lanaiensis,Violaceae,n/a,Endangered,Endemic
Viola maviensis,Violaceae,n/a,Apparently Secure,Endemic
Viola oahuensis,Violaceae,n/a,Endangered,Endemic
Viola wailenalenae,Violaceae,n/a,Apparently Secure,Endemic
Vitex rotundifolia,Lamiaceae,Pōhinahina,Apparently Secure,Indigenous
Waltheria indica,Malvaceae,‘Uhaloa,Apparently Secure,Indigenous
Wikstroemia bicornuta,Thymelaeaceae,‘Ākia,Rare,Endemic
Wikstroemia forbesii,Thymelaeaceae,‘Ākia,Apparently Secure,Endemic
Wikstroemia furcata,Thymelaeaceae,‘Ākia,Apparently Secure,Endemic
Wikstroemia hanalei,Thymelaeaceae,‘Ākia,Extinct,Endemic
Wikstroemia monticola,Thymelaeaceae,‘Ākia,Apparently Secure,Endemic
Wikstroemia oahuensis,Thymelaeaceae,‘Ākia,Apparently Secure,Endemic
Wikstroemia phillyreifolia,Thymelaeaceae,‘Ākia,Apparently Secure,Endemic
Wikstroemia pulcherrima,Thymelaeaceae,‘Ākia,Apparently Secure,Endemic
Wikstroemia sandwicensis,Thymelaeaceae,‘Ākia,Apparently Secure,Endemic
Wikstroemia skottsbergiana,Thymelaeaceae,‘Ākia,Rare,Endemic
Wikstroemia uva-ursi,Thymelaeaceae,‘Ākia,Apparently Secure,Endemic
Wikstroemia villosa,Thymelaeaceae,‘Ākia,Extinct,Endemic
Wilkesia gymnoxiphium,Asteraceae,Iliau,Apparently Secure,Endemic
Wilkesia hobdyi,Asteraceae,Dwarf iliau,Endangered,Endemic
Xylosma crenatum,Salicaceae,n/a,Endangered,Endemic
Xylosma hawaiiense,Salicaceae,Maua,Apparently Secure,Endemic
Zanthoxylum dipetalum,Rutaceae,A‘e,Rare,Endemic
Zanthoxylum hawaiiense,Rutaceae,A‘e,Endangered,Endemic
Zanthoxylum kauaense,Rutaceae,A‘e,Apparently Secure,Endemic
Zanthoxylum oahuense,Rutaceae,A‘e,Rare,Endemic